q,t,time_s,decoded,expected,ok,best_overlap,second_overlap,contrast,near_plus,near_minus,energy
5,9,6.00585819898228e-9,4,4,1,1,0.0005924066405582881,1688.029693687419,0.000007401000211098056,0.601854642941196,25.132741228718164
5,10,6.673175776646977e-9,0,0,1,0.9997413187259424,0.0005935728638202865,1684.277330825942,0.7298551654863772,0.00000504013754156522,25.132741228718242
5,11,7.340493354311675e-9,1,1,1,0.999765728222189,0.0005944528688950594,1681.8250538188263,0.00004276953929678122,0.3164633198375121,25.1327412287182
5,12,8.007810931976373e-9,2,2,1,0.9997832591376742,0.0007468237502941949,1338.7137979259917,0.0010987837099931562,0.0015261596532856806,25.13274122871827
5,13,8.67512850964107e-9,3,3,1,0.9997895252507049,0.0007486035363852982,1335.5394099235511,0.2645784457278429,0.000028205650193468573,25.13274122871832
5,14,9.342446087305767e-9,4,4,1,0.9997932991856294,0.000751668404339435,1330.0988752670085,0.00001511427680154895,0.6039127419711515,25.132741228718384
5,15,1.0009763664970465e-8,0,0,1,0.9990963634608767,0.0007531052717747639,1326.6357319560536,0.7307787702891152,0.00001198376059626226,25.132741228718295
5,16,1.0677081242635163e-8,1,1,1,0.9991543659533483,0.0007536629710013613,1325.731002315017,0.00006180460137976122,0.31997674962328243,25.132741228718352
5,17,1.1344398820299861e-8,2,2,1,0.999201536341342,0.000954517507982875,1046.8132097994671,0.0013374135795998533,0.0016991924349465048,25.132741228718405
5,18,1.201171639796456e-8,3,3,1,0.9992200781910622,0.0009584876066968467,1042.4966073735563,0.2592669847231814,0.00005476015400129557,25.132741228718174
5,19,1.2679033975629256e-8,4,4,1,0.9992310312095339,0.0009626222238501531,1038.0302952210664,0.00002554772480922221,0.605801850543412,25.13274122871827
5,20,1.3346351553293954e-8,0,0,1,0.9981416749807257,0.0009642613957928465,1035.1359904437757,0.7313234110717935,0.000021883300104818563,25.132741228718377
5,21,1.4013669130958652e-8,1,1,1,0.9982290251557051,0.0009645518350143636,1034.9148577803908,0.00008608078469455082,0.32360380471914907,25.132741228718302
5,22,1.468098670862335e-8,2,2,1,0.9983066609442218,0.0012136669628252687,822.5540379053292,0.0016214419469545815,0.001864963839750584,25.13274122871831
5,23,1.5348304286288048e-8,3,3,1,0.9983393955345229,0.001218811006086112,819.1092716994941,0.25424670088390555,0.00009224094783379861,25.132741228718125
5,24,1.6015621863952746e-8,4,4,1,0.9983583232804818,0.0012235294255082641,815.9659281310342,0.000038962596270224775,0.6075426890006694,25.132741228718217
5,25,1.6682939441617444e-8,0,0,1,0.9969036156389102,0.0012252700623825992,813.6195000964775,0.7316154118334623,0.00003410586124552671,25.13274122871837
5,26,1.735025701928214e-8,1,1,1,0.9970153641616798,0.0012253249939900139,813.6742244317635,0.0001140723762765798,0.32728775239226054,25.13274122871828
5,27,1.8017574596946836e-8,2,2,1,0.9971219896603741,0.0015224571707034879,654.9425552638896,0.001948591208471686,0.00203290389516121,25.132741228718313
5,28,1.8684892174611534e-8,3,3,1,0.9971695691531227,0.0015279607501977887,652.6146493121913,0.249441596632573,0.00014133458094137122,25.13274122871831
5,29,1.9352209752276232e-8,4,4,1,0.9971965654572619,0.001532771941149881,650.583781374004,0.000055591819721626586,0.6091425759818363,25.132741228718146
5,30,2.001952732994093e-8,0,0,1,0.9953948669365053,0.0015345005320749631,648.6767818780257,0.7317145080367334,0.000048183202025483944,25.132741228718317
5,31,2.068684490760563e-8,1,1,1,0.9955269013229535,0.0015343388889879895,648.8311731312353,0.0001450199465891372,0.3309978909361459,25.132741228718285
5,32,2.1354162485270326e-8,2,2,1,0.9956607006454125,0.0018791830963676703,529.8369821280082,0.0023174732842806828,0.0022082929323452662,25.132741228718288
5,33,2.2021480062935024e-8,3,3,1,0.9957233051965809,0.0018843862076912145,528.4072347443891,0.24480501093298418,0.00020247950042347968,25.13274122871828
5,34,2.2688797640599722e-8,4,4,1,0.9957582889389128,0.001888836702741734,527.1807178955828,0.0000756056519386759,0.6106064825497122,25.132741228718277
5,35,2.335611521826442e-8,0,0,1,0.9936232751375325,0.0018904419510319137,525.6036952603357,0.7316525801709228,0.0000638031533083936,25.132741228718253
5,36,2.402343279592912e-8,1,1,1,0.9937723847605683,0.0018900755968588648,525.7844640775895,0.00017851524261402904,0.3347156444745306,25.132741228718373
5,37,2.4690750373593816e-8,2,2,1,0.993931665510242,0.0022822543203665255,435.5043417556632,0.0027271700865136085,0.00239435349620201,25.132741228718274
5,38,2.535806795125851e-8,3,3,1,0.9940092687756158,0.0022866109018212623,434.70853217042634,0.2403062557655389,0.00027595811297046396,25.132741228718185
5,39,2.602538552892321e-8,4,4,1,0.9940521315824515,0.0022903008045860682,434.0268883423411,0.00009912221675893676,0.6119387850787961,25.13274122871844
5,40,2.6692703106587907e-8,0,0,1,0.9915947077782422,0.002291681215075452,432.6931255775008,0.731448106988129,0.00008075382696543503,25.13274122871821
5,41,2.7360020684252605e-8,1,1,1,0.9917584048855453,0.002291118287028765,432.8708868941492,0.00021432920517858625,0.33842858141058185,25.132741228718253
5,42,2.8027338261917303e-8,2,2,1,0.9919416845849429,0.0027301803442613746,363.32460112751403,0.003177039906264156,0.0025931781653137525,25.132741228718398
5,43,2.8694655839582e-8,3,3,1,0.9920341641455405,0.0027332313019439716,362.9528768531117,0.23592422161146195,0.0003619546381212208,25.132741228718192
5,44,2.93619734172467e-8,4,4,1,0.9920848039461029,0.0027358174328871443,362.6282923781002,0.0001262157815541425,0.6131435142956619,25.132741228718412
5,45,3.00292909949114e-8,0,0,1,0.9893141211516852,0.0027368842249163882,361.47459660333595,0.7311125279343861,0.00009888705638708129,25.132741228718274
5,46,3.0696608572576095e-8,1,1,1,0.9894904592767144,0.0027361311210713866,361.63853832021755,0.0002523287087697909,0.34212771553313975,25.132741228718285
5,47,3.136392615024079e-8,2,2,1,0.9896964595215055,0.0032215546194765275,307.21082720066437,0.003666620258657514,0.0028061855324155276,25.13274122871819
5,48,3.203124372790549e-8,3,3,1,0.9898036466360134,0.00322290988789685,307.11489959836325,0.231643932276088,0.00046059736311294914,25.132741228718213
5,49,3.269856130557019e-8,4,4,1,0.9898619674871811,0.0032241028711537433,307.01934989219484,0.00015692290537081186,0.6142243468094767,25.132741228718164
5,50,3.336587888323489e-8,0,0,1,0.9867860090070752,0.0032247805763367067,306.0009776318011,0.7306533223356847,0.00011809687077155561,25.132741228718352
5,51,3.4033196460899585e-8,1,1,1,0.986973443079095,0.003223843145068485,306.1480967487109,0.00029243233491673326,0.3458062071009287,25.13274122871839
5,52,3.470051403856428e-8,2,2,1,0.9872010626636106,0.003755040166697764,262.90026706472474,0.004195573564812668,0.0030343616524334902,25.132741228718356
5,53,3.536783161622898e-8,3,3,1,0.9873227640755297,0.0037543659748672546,262.9798934586922,0.22745453170550217,0.0005719866621857541,25.132741228718288
5,54,3.603514919389367e-8,4,4,1,0.9873886693396626,0.0037539250483854696,263.02833876886535,0.00019124859021218006,0.6151845868441952,25.13274122871839
5,55,3.670246677155837e-8,0,0,1,0.9840146135386973,0.0037541510953794295,262.11374783231616,0.7300756135565192,0.00013830600851243385,25.132741228718203
5,56,3.736978434922307e-8,1,1,1,0.9842118987313367,0.003753035341493295,262.244239442661,0.000334585840827758,0.34945866338651876,25.13274122871829
5,57,3.8037101926887767e-8,2,2,1,0.984460183857173,0.004329357091963128,227.39177271486605,0.004763653786972176,0.0032783971826557236,25.132741228718352
5,58,3.8704419504552465e-8,3,3,1,0.9845961911014116,0.004326366408239695,227.58039846699495,0.2233480267595357,0.0006962109085128616,25.132741228718327
5,59,3.937173708221716e-8,4,4,1,0.9846695777837503,0.004324093848435536,227.71697661927607,0.00022917263037412837,0.6160271751012756,25.132741228718295
5,60,4.003905465988186e-8,0,0,1,0.9810040347340048,0.004323817750084358,226.88376139694262,0.7293830633398652,0.0001594570051210926,25.132741228718253
5,61,4.070637223754656e-8,1,1,1,0.9812101536761408,0.004322530243121846,226.99902568350447,0.000378748444237044,0.35308071824523085,25.132741228718164
5,62,4.137368981521126e-8,2,2,1,0.9814782706540259,0.004943272056151758,198.54830151065727,0.005370683430861201,0.003538771091730681,25.132741228718146
5,63,4.2041007392875955e-8,3,3,1,0.9816283641973244,0.00493771721379931,198.80206210554,0.21931846293159174,0.0008333542436994483,25.132741228718228
5,64,4.270832497054065e-8,4,4,1,0.9817091195700939,0.004933453171860145,198.99025801433586,0.0002706557420869233,0.6167547167381006,25.132741228718405
5,65,4.337564254820535e-8,0,0,1,0.9777582916961426,0.004932635586664293,198.22228391239298,0.7285784002898823,0.00018150621033511568,25.132741228718334
5,66,4.404296012587005e-8,1,1,1,0.9779724015166347,0.004931183683671098,198.3240666444953,0.0004248853298559524,0.35666876012863874,25.13274122871825
5,67,4.471027770353475e-8,2,2,1,0.9782596136365487,0.005595589659615107,174.82690353385175,0.006016535876360439,0.003815805171730607,25.13274122871824
5,68,4.5377595281199445e-8,3,3,1,0.978423564946841,0.0055872566054278455,175.11699104643466,0.2153613657538017,0.0009834997941791622,25.132741228718157
5,69,4.604491285886414e-8,4,4,1,0.9785115648651729,0.005580874600507295,175.3330140720645,0.0003156450821346486,0.6173695173827004,25.132741228718224
5,70,4.671223043652884e-8,0,0,1,0.9742813593925665,0.005579486383675256,174.6184670766772,0.727663746516286,0.00020441980654010365,25.132741228718515
5,71,4.737954801419354e-8,1,1,1,0.9745027527192279,0.005577878335095449,174.70849921335764,0.00047296378797789617,0.3602197481811118,25.13274122871842
5,72,4.804686559185824e-8,2,2,1,0.974808401433774,0.006285145584804221,155.09718721402356,0.006701120897408783,0.00410970136967207,25.13274122871819
5,73,4.8714183169522935e-8,3,3,1,0.9749859741298822,0.006273849374232998,155.40474690613337,0.2114733531883181,0.0011467306936906092,25.1327412287182
5,74,4.938150074718763e-8,4,4,1,0.9750810823446476,0.006265252446728832,155.63316732013726,0.0003640789391755393,0.6178736205116833,25.13274122871847
5,75,5.0048818324852324e-8,0,0,1,0.9705771920186619,0.00626327373737844,154.963240106588,0.7266408264054831,0.0002281712144160969,25.13274122871828
5,76,5.071613590251702e-8,1,1,1,0.9708052679506523,0.006261518718510356,155.04309922139964,0.0005229514510511379,0.36373108381400004,25.13274122871839
5,77,5.138345348018172e-8,2,2,1,0.9711287578595299,0.007010801258675552,138.5189398512476,0.007424372536835234,0.004420568293742744,25.1327412287184
5,78,5.205077105784642e-8,3,3,1,0.971319708342683,0.006996382510814616,138.8317043616857,0.20765186143490946,0.0013231301896271818,25.13274122871832
5,79,5.2718088635511116e-8,4,4,1,0.9714217763601662,0.006985499952152726,139.06259867066532,0.0004158905419119951,0.6182688430719468,25.13274122871823
5,80,5.3385406213175814e-8,0,0,1,0.966649738657926,0.006982919313849101,138.43060405134378,0.7255111036109516,0.0002527394491632494,25.132741228718285
5,81,5.405272379084051e-8,1,1,1,0.9668839809574237,0.006981027408644206,138.50167380236707,0.0005748157039914735,0.3672005182867057,25.13274122871836
5,82,5.472004136850521e-8,2,2,1,0.9672247678865818,0.007771439770814185,124.45889003978594,0.008186238972350043,0.0047484405257908376,25.132741228718327
5,83,5.538735894616991e-8,3,3,1,0.9674288456180774,0.0077537618571768005,124.7689654954563,0.20389494755111934,0.0015127814267497015,25.132741228718242
5,84,5.6054676523834606e-8,4,4,1,0.9675377128708644,0.007740546415082613,124.99604820992964,0.0004710110353451257,0.6185568081287424,25.132741228718267
5,85,5.6721994101499304e-8,0,0,1,0.9625029542627124,0.007737360034573371,124.39681622179855,0.7242758730029121,0.00027810811346569745,25.13274122871817
5,86,5.7389311679164e-8,1,1,1,0.9627429148183907,0.007735342189199699,124.46028776368797,0.0006285237153827513,0.370626084197446,25.132741228718327
5,87,5.80566292568287e-8,2,2,1,0.9631004963205426,0.008565962797310705,112.4334203999706,0.008986674131684625,0.005093292969029296,25.132741228718174
5,88,5.87239468344934e-8,3,3,1,0.9633174438515358,0.008544909587194656,112.73582640302678,0.20020114499529354,0.0017157671426008309,25.13274122871828
5,89,5.9391264412158096e-8,4,4,1,0.9634329380691806,0.008529335054609719,112.95522240605248,0.0005293717325807315,0.6187389741992214,25.132741228718274
5,90,6.00585819898228e-8,0,0,1,0.9581408076371546,0.008525545998538593,112.38468571999897,0.7229363236901131,0.00030426480507868964,25.13274122871833
5,91,6.072589956748749e-8,1,1,1,0.9583860938035844,0.008523413956415728,112.44157548891425,0.0006840427659493102,0.37400604328027454,25.132741228718327
5,92,6.139321714515219e-8,2,2,1,0.9587600015234783,0.009393288314335316,102.06862276975916,0.009825630829212763,0.005455051676321455,25.132741228718274
5,93,6.206053472281688e-8,3,3,1,0.958989554368268,0.009368762340335065,102.36032461188152,0.19656935623131783,0.0019321693477602163,25.132741228718253
5,94,6.272785230048159e-8,4,4,1,0.9591114920957644,0.009350821452675963,102.56975784959423,0.0005909057691388352,0.6188166613114974,25.1327412287183
5,95,6.339516987814628e-8,0,0,1,0.9535672873999477,0.009346438980003821,102.02466302300277,0.7214935830715672,0.00033120078559708795,25.13274122871823
5,96,6.406248745581098e-8,1,1,1,0.9538175522051898,0.009344205206377267,102.07583535881949,0.0007413406908709391,0.3773388456889591,25.132741228718324
5,97,6.472980503347567e-8,2,2,1,0.954207345680955,0.010252348924605663,93.0720708686431,0.010703055197068457,0.005833602133101648,25.13274122871821
5,98,6.539712261114038e-8,3,3,1,0.9544492321141016,0.010224269864982352,93.35133410191428,0.19299877171159135,0.0021620690042435213,25.13274122871829
5,99,6.606444018880507e-8,4,4,1,0.9545774193495487,0.01020397244668073,93.54958809792406,0.000655549283908526,0.6187910739928768,25.132741228718235
5,100,6.673175776646977e-8,0,0,1,0.9487864065222561,0.010199011373751687,93.02729173967445,0.7199487481882704,0.000358910807146054,25.132741228718388
5,101,6.739907534413447e-8,1,1,1,0.9490413410136334,0.01019668897544655,93.07348133290212,0.0008003863365470993,0.38062309766097674,25.132741228718295
5,102,6.806639292179917e-8,2,2,1,0.949446602593939,0.011142090656753952,85.2126079245655,0.011618882195717736,0.006228795669419935,25.132741228718235
5,103,6.873371049946386e-8,3,3,1,0.9497005434358747,0.011110394057440267,85.47856525393817,0.1894888079369971,0.002405545700052609,25.13274122871825
5,104,6.940102807712857e-8,4,4,1,0.9498347763659268,0.01108776537221253,85.66512227489444,0.0007232422367827293,0.6186633214576785,25.13274122871846
5,105,7.006834565479326e-8,0,0,1,0.9438022058194996,0.011082245487142416,85.163445162309,0.7183029083893309,0.0003873930293199492,25.132741228718384
5,106,7.073566323245796e-8,1,1,1,0.9440615330156868,0.011079848131433515,85.20527734828653,0.0008611499815774491,0.38385753550082385,25.132741228718398
5,107,7.140298081012265e-8,2,2,1,0.9444818636564238,0.012061472128793167,78.30568719731608,0.01257303201203892,0.006640454477942073,25.132741228718267
5,108,7.207029838778735e-8,3,3,1,0.9447475720946389,0.0120261083077068,78.55804620429102,0.1860390595266397,0.002662677318544785,25.132741228718256
5,109,7.273761596545205e-8,4,4,1,0.9448876379081438,0.012001187577502726,78.7328447127531,0.0007939289547216705,0.6184344352859387,25.132741228718317
5,110,7.340493354311674e-8,0,0,1,0.9386187566464055,0.011995133100531411,78.24996594700751,0.7165571619267946,0.00041664898321534745,25.13274122871821
5,111,7.407225112078145e-8,1,1,1,0.9388822267070895,0.011992674935836892,78.28797426181309,0.0009236036996983772,0.3870410044630971,25.13274122871834
5,112,7.473956869844614e-8,2,2,1,0.9393172424719025,0.01300946399186158,72.20260904365604,0.013565407181321973,0.007068375580899704,25.132741228718125
5,113,7.540688627611084e-8,3,3,1,0.9395944239480108,0.012970397083092673,72.441454022468,0.18264926172410464,0.002933539705464166,25.132741228718366
5,114,7.607420385377553e-8,4,4,1,0.9397401017085512,0.012943236148572615,72.60472504105444,0.0008675584795757457,0.6181053848801124,25.132741228718494
5,115,7.674152143144024e-8,0,0,1,0.9332401629651651,0.01293667523509593,72.1391042138382,0.7147126282137337,0.00044668355587435655,25.132741228718196
5,116,7.740883900910493e-8,1,1,1,0.9335075492917602,0.0129341708152973,72.17374523828747,0.0009877216578048401,0.3901724415159745,25.13274122871846
5,117,7.807615658676963e-8,2,2,1,0.9339568784240874,0.013985048589818357,66.78252652651084,0.014595890298168069,0.007512333996547572,25.132741228718295
5,118,7.874347416443433e-8,3,3,1,0.934245230603717,0.013942255696242438,67.00818367974017,0.17931926078019975,0.00321820633972951,25.132741228718253
5,119,7.941079174209903e-8,4,4,1,0.9343962921624194,0.013912917797529583,67.16034017884684,0.0009440847744408898,0.6176770909698308,25.132741228718395
5,120,8.007810931976372e-8,0,0,1,0.9276705629048791,0.013905882080650954,66.71065938317331,0.7127704569192597,0.00047750497927187676,25.13274122871834
5,121,8.074542689742843e-8,1,1,1,0.9279416589597325,0.01390334629417228,66.74232514432069,0.0010534803502628644,0.39325086122425207,25.1327412287183
5,122,8.141274447509312e-8,2,2,1,0.9284049394250075,0.014987219785039923,61.9464418845536,0.01566434220711963,0.007972085290716895,25.132741228718313
5,123,8.208006205275782e-8,3,3,1,0.9287041522566823,0.01494069021595116,62.15938747362341,0.17604899035012989,0.003516748015445971,25.132741228718324
5,124,8.274737963042251e-8,4,4,1,0.9288603631879745,0.014909248876801298,62.300949622839525,0.001023466831377585,0.6171504374100973,25.13274122871834
5,125,8.341469720808722e-8,0,0,1,0.9219141298963539,0.014901773046395086,61.86606969694628,0.710731834711124,0.0005091248149393573,25.13274122871829
5,126,8.408201478575191e-8,1,1,1,0.9221887465813791,0.01489922105068352,61.895097968163405,0.001120858774633291,0.39627534416543786,25.132741228718245
5,127,8.474933236341661e-8,2,2,1,0.9226656239997584,0.016014982911926056,57.61265117009064,0.016770600585785132,0.008447367652644465,25.132741228718213
5,128,8.54166499410813e-8,3,3,1,0.9229753798623448,0.015964717488177765,57.81344897244996,0.17283845253164737,0.0038292325424071506,25.13274122871838
5,129,8.6083967518746e-8,4,4,1,0.9231365004073612,0.015931255490006624,57.94499378824395,0.0011056687120840388,0.6165262814916431,25.132741228718253
5,130,8.67512850964107e-8,0,0,1,0.9159750734437331,0.01592337690545691,57.523920892045844,0.7085979902173467,0.0005415579297022193,25.132741228718345
5,131,8.741860267407539e-8,1,1,1,0.9162530369183068,0.01592082406714751,57.55060372842053,0.0011898385555330114,0.39924502741612866,25.1327412287184
5,132,8.80859202517401e-8,2,2,1,0.9167431628249302,0.017067354828056557,53.713253873290384,0.017914478851128467,0.008937903600599453,25.13274122871815
5,133,8.875323782940479e-8,3,3,1,0.9170631367580144,0.017013365241486993,53.902512744613354,0.16968770251815363,0.004155724471173461,25.132741228718313
5,134,8.94205554070695e-8,4,4,1,0.9172289227624902,0.01697797367621419,54.02464041085834,0.0011906595443300525,0.6158054629550589,25.132741228718057
5,135,9.008787298473418e-8,0,0,1,0.9098576395785001,0.016969732010167982,53.616500191831456,0.7063701976175425,0.0005748224607050042,25.132741228718366
5,136,9.075519056239889e-8,1,1,1,0.910138789425296,0.016967193850965272,53.64109100300742,0.0012604040237227726,0.40215909673749534,25.132741228718267
5,137,9.142250814006358e-8,2,2,1,0.9106418198068282,0.018143364039300027,50.19145390206043,0.01909576533383149,0.00944340139806309,25.13274122871829
5,138,9.208982571772829e-8,3,3,1,0.9109716798163197,0.018085672256392182,50.36979919252638,0.1665968360915822,0.004496284847185505,25.132741228718302
5,139,9.275714329539298e-8,4,4,1,0.9111418836519036,0.018048449648984586,50.48311081407288,0.001278413490260952,0.6149888118750665,25.132741228718324
5,140,9.342446087305768e-8,0,0,1,0.9035661110313867,0.01803988655964606,50.087128211360245,0.7040497791645971,0.0006089397695056837,25.13274122871842
5,141,9.409177845072237e-8,1,1,1,0.9038502986997571,0.018037378707771123,50.10984763048454,0.0013325422572397112,0.40501678015925013,25.13274122871826
5,142,9.475909602838708e-8,2,2,1,0.9043658927655532,0.01924205088002552,46.999454393104365,0.02031422267680877,0.009963556242760347,25.132741228718306
5,143,9.542641360605177e-8,3,3,1,0.9047053001949282,0.01918068858207717,47.16750894127458,0.16356597936341793,0.0048509709966654295,25.132741228718352
5,144,9.609373118371647e-8,4,4,1,0.904879671655499,0.019141740075198466,47.272592152054756,0.0013689096976781685,0.6140771555585084,25.132741228718285
5,145,9.676104876138116e-8,0,0,1,0.8971048071499106,0.01913289890486678,46.88807543543319,0.7016381068604033,0.0006439343859336121,25.132741228718388
5,146,9.742836633904587e-8,1,1,1,0.8973918946226397,0.01913043705180699,46.90911620013801,0.0014062430908255135,0.4078173427171238,25.13274122871833
5,147,9.809568391671056e-8,2,2,1,0.8979197137758674,0.020362467733279464,44.09680229024253,0.021569587422637274,0.010498051276928076,25.132741228718235
5,148,9.876300149437527e-8,3,3,1,0.8982683237339992,0.020297475787106133,44.25517404999786,0.16059528030825856,0.00521983634549793,25.132741228718302
5,149,9.943031907203996e-8,4,4,1,0.8984466108996769,0.02025691238147635,44.35259401730191,0.0014621322417334587,0.6130713245792505,25.13274122871811
5,150,1.0009763664970465e-7,0,0,1,0.8904780835847385,0.02024783787921074,43.9789220408085,0.6991366034547,0.0006798339428825627,25.132741228718356
5,151,1.0076495422736935e-7,1,1,1,0.8907679422257403,0.020245437741431428,43.99845306396224,0.0014814990992234847,0.41056008214347545,25.13274122871838
5,152,1.0143227180503404e-7,2,2,1,0.8913076492059681,0.021503679278679928,41.44907658149763,0.022861569761399487,0.011046558456607304,25.13274122871841
5,153,1.0209958938269875e-7,3,3,1,0.8916651110418776,0.021435107233175186,41.59835084295005,0.15768490173622204,0.0056029302709723686,25.13274122871824
5,154,1.0276690696036344e-7,4,4,1,0.8918470611059964,0.021393045078213848,41.688644970613915,0.0015580700618291919,0.611972158055866,25.13274122871818
5,155,1.0343422453802815e-7,0,0,1,0.883690331764469,0.021383783144685125,41.325256891417155,0.6965467428966372,0.0007166691034176759,25.132741228718352
5,156,1.0410154211569284e-7,1,1,1,0.8839828413142747,0.021381460429915282,41.34342666684613,0.0015583055592271646,0.4132443253469427,25.132741228718302
5,157,1.0476885969335754e-7,2,2,1,0.8845340994874487,0.02266476275803121,39.026841310042656,0.024189853415662897,0.011608739309606129,25.132741228718253
5,158,1.0543617727102223e-7,3,3,1,0.8849000573035893,0.022592668362910694,39.16757609545084,0.15483501542763797,0.0060002979852426495,25.132741228718235
5,159,1.0610349484868694e-7,4,4,1,0.885085417358678,0.022549228093029186,39.251251249362774,0.0016567168966446868,0.6107805082628729,25.132741228718334
5,160,1.0677081242635163e-7,0,0,1,0.8767459781760005,0.022539825545769963,38.897638155879115,0.6938700503395184,0.0007544734816196401,25.132741228718174
5,161,1.0743813000401633e-7,1,1,1,0.8770410258687201,0.022537595923461076,38.91457761720461,0.0016366603947070288,0.41586942554642115,25.132741228718288
5,162,1.0810544758168102e-7,2,2,1,0.8776034986445506,0.023844808250464308,36.80480419159847,0.025554095643390434,0.01218424560547343,25.13274122871837
5,163,1.0877276515934573e-7,3,3,1,0.8779775918407212,0.02376925699427894,36.93752783488533,0.15204579721233283,0.0064119804486118745,25.132741228718245
5,164,1.0944008273701042e-7,4,4,1,0.8781661096210726,0.02372456310683783,37.01505927280785,0.0017580712189087394,0.6094972446533989,25.13274122871824
5,165,1.1010740031467513e-7,0,0,1,0.8696494834660151,0.023715067464267256,36.67075730551313,0.691108101777794,0.0007932835585389248,25.132741228718363
5,166,1.1077471789233982e-7,1,1,1,0.8699469632471162,0.02371294653981725,36.68658223415456,0.0017165641082431335,0.41843475994888046,25.13274122871848
5,167,1.1144203547000452e-7,2,2,1,0.870520313606844,0.025042918950350265,34.761136085323166,0.026953927342769496,0.012772719955910854,25.13274122871819
5,168,1.1210935304766921e-7,3,3,1,0.8709021774476562,0.02496398361545122,34.88634630046062,0.14931742282112515,0.006838014310241252,25.13274122871821
5,169,1.1277667062533392e-7,4,4,1,0.8710936020270265,0.024918163886942728,34.95817773650188,0.001862136170657713,0.6081232573604505,25.13274122871821
5,170,1.1344398820299861e-7,0,0,1,0.8624053413776674,0.02490862316967643,34.62276238646354,0.6882625233789861,0.0008331385945300761,25.13274122871836
5,171,1.141113057806633e-7,1,1,1,0.862705153205979,0.02490662646201544,34.637575446906546,0.0017980197024549081,0.4209397278800454,25.132741228718256
5,172,1.14778623358328e-7,2,2,1,0.863289043326283,0.026258211442408714,32.87691719672937,0.02838895324547307,0.013373796360196087,25.132741228718334
5,173,1.154459409359927e-7,3,3,1,0.8636783095261242,0.026175971675010876,32.99508114728908,0.14665006437225267,0.0072784318735770095,25.1327412287182
5,174,1.161132585136574e-7,4,4,1,0.8638723919695958,0.026129156612480872,33.06162555422695,0.0019689194991392104,0.606659460234562,25.132741228718423
5,175,1.1678057609132209e-7,0,0,1,0.8550180775357481,0.026119619160571098,32.734706899036325,0.6853349905609896,0.0008740805391073065,25.132741228718256
5,176,1.174478936689868e-7,1,1,1,0.8553201267563825,0.026117762082728566,32.74859936495086,0.0018810325936463811,0.42338374929315437,25.132741228718174
5,177,1.1811521124665149e-7,2,2,1,0.8559142177173658,0.027489815969402833,31.13568379904869,0.029858752186879608,0.013987100707152722,25.132741228718192
5,178,1.1878252882431619e-7,3,3,1,0.8563105150373383,0.027404357863263725,31.247238826392845,0.1440438873828159,0.007733261083640886,25.132741228718224
5,179,1.194498464019809e-7,4,4,1,0.8565070090074556,0.02735668018837438,31.308879699936718,0.002078433493157216,0.60510679346799,25.132741228718423
5,180,1.201171639796456e-7,0,0,1,0.8474922480925873,0.027347194493243004,30.99009839206677,0.6823272268557029,0.0009161539393246837,25.13274122871837
5,181,1.2078448155731028e-7,1,1,1,0.8477964448702596,0.02734549233553024,31.003151615182666,0.0019656105199706295,0.425766263594096,25.13274122871831
5,182,1.2145179913497497e-7,2,2,1,0.848400396437126,0.02873687668861762,29.5230551889854,0.03136287744340476,0.014612251242798243,25.132741228718213
5,183,1.221191167126397e-7,3,3,1,0.8488033512892998,0.02864829238114757,29.62840995883815,0.14149904821680373,0.008202525533303882,25.132741228718412
5,184,1.2278643429030438e-7,4,4,1,0.8490020136065733,0.02859988654459922,29.68550285269919,0.0021906949194400557,0.6034662258487768,25.132741228718096
5,185,1.2345375186796907e-7,0,0,1,0.8398324382464335,0.028590501094544585,29.374526716731236,0.6792410025925772,0.0009594058475462939,25.13274122871843
5,186,1.2412106944563376e-7,1,1,1,0.8401386970505398,0.02858896901001205,29.38681338093436,0.0020517634459556555,0.4280867287319342,25.132741228718288
5,187,1.2478838702329848e-7,2,2,1,0.8407521675201354,0.029998551913993372,28.026425073136654,0.03290085712842532,0.01524885901089242,25.132741228718256
5,188,1.2545570460096317e-7,3,3,1,0.8411614045750467,0.029906939193847494,28.125960972565586,0.1390156918981852,0.00868624448572364,25.13274122871818
5,189,1.2612302217862786e-7,4,4,1,0.8413619957336939,0.02985794091816867,28.1788351728475,0.002305724958503089,0.6017387566826635,25.13274122871824
5,190,1.2679033975629256e-7,0,0,1,0.8320432606432254,0.029848704056409447,27.8753562992481,0.6760781334299081,0.0010038857293401431,25.132741228718373
5,191,1.2745765733395727e-7,1,1,1,0.8323514997777174,0.029847357048267697,27.88694149474203,0.0021395034649202838,0.43034462051256084,25.132741228718213
5,192,1.2812497491162196e-7,2,2,1,0.8329741458825451,0.03127401434136934,26.634704991507437,0.03447219463936992,0.01589652827208734,25.132741228718395
5,193,1.2879229248928666e-7,3,3,1,0.8333892886762799,0.03117947626676439,26.728777659573044,0.1365939502309527,0.009184432910246803,25.132741228718245
5,194,1.2945961006695135e-7,4,4,1,0.8335915733161485,0.031130022115697955,26.777737909019756,0.002423549139436559,0.5999254174158252,25.13274122871826
5,195,1.3012692764461604e-7,0,0,1,0.8241293536721542,0.0311209819100277,26.481470155882388,0.6728404787572742,0.0010496453721067745,25.132741228718306
5,196,1.3079424522228076e-7,1,1,1,0.8244394948447493,0.0311198348207401,26.4924123021146,0.0022288447005372734,0.4325394321004264,25.132741228718164
5,197,1.3146156279994545e-7,2,2,1,0.8250709717077068,0.0325624512547632,25.338109998307214,0.03607636914945427,0.016554856906162357,25.132741228718317
5,198,1.3212888037761014e-7,3,3,1,0.8254916432456596,0.03246509578192637,25.42705091001822,0.13423394017870285,0.009697101529241173,25.132741228718245
5,199,1.3279619795527483e-7,4,4,1,0.8256953905814838,0.03241532275485437,25.472379122241854,0.002544197273055131,0.5980272729874905,25.132741228718217
5,200,1.3346351553293955e-7,0,0,1,0.8160953796650383,0.03240652687804407,25.18305595463103,0.6695299399888617,0.001096738794941714,25.132741228718174
5,201,1.3413083311060424e-7,1,1,1,0.8164073475910303,0.032405594379832176,25.19340759566893,0.0023198032085661423,0.4346706736790664,25.13274122871828
5,202,1.3479815068826893e-7,2,2,1,0.8170473087253438,0.033863064712054095,24.12797883690967,0.03771283613831366,0.017223436800859825,25.132741228718228
5,203,1.3546546826593362e-7,3,3,1,0.8174731320798075,0.033763004333327996,24.212096885965412,0.13193576246483976,0.01022425687350506,25.13274122871842
5,204,1.3613278584359834e-7,4,4,1,0.8176781162892026,0.033713049483343485,24.254053810622818,0.0026677033828797184,0.59604542293798,25.132741228718274
5,205,1.3680010342126303e-7,0,0,1,0.8079460230086478,0.03370454510351859,23.971426421189175,0.6661484587645378,0.001145222160129538,25.132741228718206
5,206,1.3746742099892772e-7,1,1,1,0.8082597450456848,0.03370384169004211,23.981234913184608,0.002412396879576399,0.43673787224596056,25.132741228718153
5,207,1.3813473857659242e-7,2,2,1,0.8089078423950554,0.035175071708783166,22.996622411805127,0.039381027956428505,0.017901854230057426,25.132741228718228
5,208,1.3880205615425713e-7,3,3,1,0.8093384412944168,0.0350724231000265,23.07620545595566,0.1296995003613808,0.0107659013441004,25.13274122871826
5,209,1.3946937373192182e-7,4,4,1,0.8095444418660526,0.03502242317440811,23.115032270457228,0.0027941056334730287,0.5939810022947035,25.132741228718388
5,210,1.4013669130958652e-7,0,0,1,0.7996859881788984,0.03501425685467756,22.83886793593531,0.6626980150732559,0.0011951536865775422,25.13274122871825
5,211,1.408040088872512e-7,1,1,1,0.8000013939896566,0.035013796833675497,22.848176043000084,0.002506645343308579,0.43874057152112367,25.132741228718306
5,212,1.4147132646491592e-7,2,2,1,0.8006572780042567,0.03649770431910595,21.937195583699378,0.04108035441879763,0.018589690223390017,25.13274122871844
5,213,1.4213864404258062e-7,3,3,1,0.8010922774116839,0.03639258799610492,22.012511929556215,0.12752521863982408,0.011322033278652843,25.13274122871822
5,214,1.428059616202453e-7,4,4,1,0.8012990794551931,0.03634267909807779,22.048431743095538,0.0029234462557106993,0.5918351822561565,25.13274122871819
5,215,1.4347327919791e-7,0,0,1,0.7913199977052128,0.036334896704768284,21.778512379845754,0.6591806253114648,0.001246593565417255,25.132741228718334
5,216,1.441405967755747e-7,1,1,1,0.791637018945422,0.03633469419147702,21.787358791948087,0.002602569875172626,0.44067833195214645,25.132741228718324
5,217,1.448079143532394e-7,2,2,1,0.7923003386899419,0.037830209813202696,20.943588275141686,0.04281020342379167,0.019286520928937397,25.132741228718295
5,218,1.454752319309041e-7,3,3,1,0.7927393653697847,0.037722749796882886,21.014888088441808,0.12541296266206045,0.011892647020360825,25.13274122871823
5,219,1.461425495085688e-7,4,4,1,0.7929467598889524,0.03767306706765562,21.048107351199455,0.003055771468632935,0.5896091706916928,25.13274122871834
5,220,1.4680986708623348e-7,0,0,1,0.78285279007287,0.03766571368654327,20.784228239714935,0.6555983402875781,0.0012996038779323294,25.13274122871818
5,221,1.474771846638982e-7,1,1,1,0.7831713601026843,0.03766578259771881,20.792648023995028,0.0027001933052570497,0.44255073080091195,25.132741228718274
5,222,1.481445022415629e-7,2,2,1,0.7838417633929069,0.03917185075068791,20.010332633546593,0.04456994159353595,0.019991917970194745,25.132741228718306
5,223,1.4881181981922758e-7,3,3,1,0.784284446463288,0.039062174240970984,20.077849267301634,0.12336275759291553,0.012477732988142401,25.13274122871837
5,224,1.4947913739689227e-7,4,4,1,0.7844922305941797,0.0390128515611329,20.108559082508624,0.003191131397584922,0.587304212473018,25.132741228718306
5,225,1.50146454974557e-7,0,0,1,0.7742891175707745,0.039005971421126294,19.850527736155968,0.6519532431823868,0.0013542485159109504,25.132741228718352
5,226,1.5081377255222168e-7,1,1,1,0.7746091711876889,0.0390063254695282,19.858552731218293,0.0027995399301153755,0.44435736229947426,25.132741228718242
5,227,1.5148109012988638e-7,2,2,1,0.7752863047525507,0.040521905049769685,19.132523601749003,0.046358914932537534,0.020705448798228148,25.132741228718363
5,228,1.5214840770755107e-7,3,3,1,0.7757322762227352,0.04041014210796185,19.196474839169046,0.12137460771888653,0.013077277746527276,25.13274122871826
5,229,1.5281572528521578e-7,4,4,1,0.775940253438328,0.040361311817399936,19.22485217895759,0.0033295799884144202,0.5849215896515714,25.13274122871827
5,230,1.5348304286288048e-7,0,0,1,0.7656337440915468,0.040354948221164214,18.972487336509804,0.648247447474104,0.0014105931044685654,25.132741228718498
5,231,1.5415036044054517e-7,1,1,1,0.7659552172833962,0.04035560091037669,18.980146497742897,0.0029006354275074955,0.44609783786440244,25.132741228718327
5,232,1.5481767801820986e-7,2,2,1,0.7666387269497389,0.04187966603208776,18.305750727867515,0.04817644950158889,0.021426677039663795,25.13274122871819
5,233,1.5548499559587458e-7,3,3,1,0.7670876222410798,0.04176594927171869,18.36633993999758,0.11944849586009486,0.013691264074071261,25.132741228718267
5,234,1.5615231317353927e-7,4,4,1,0.76729560252413,0.04171774190729189,18.392548768082136,0.0034711749175523705,0.5824626214947151,25.13274122871837
5,235,1.5681963075120396e-7,0,0,1,0.7568914428904254,0.04171193716834519,18.145679493035473,0.644483094835815,0.0014687049273421147,25.132741228718196
5,236,1.5748694832886865e-7,1,1,1,0.7572142726073503,0.041712901787821076,18.152999195765236,0.003003506774197747,0.44777178636030307,25.132741228718295
5,237,1.5815426590653334e-7,2,2,1,0.7579038035047949,0.04324444244331362,17.52603943265733,0.05002185210426302,0.022155162840961664,25.132741228718285
5,238,1.5882158348419806e-7,3,3,1,0.7583552619541736,0.04312890672937726,17.583456652695993,0.11758438286445183,0.014319671029222134,25.132741228718213
5,239,1.5948890106186275e-7,4,4,1,0.7585630619397901,0.04308145077963078,17.607648958248273,0.0036159774978532957,0.5799286643921652,25.132741228718416
5,240,1.6015621863952744e-7,0,0,1,0.7480669943091616,0.04307624616548542,17.366113830702027,0.6406623530123946,0.0015286528546197375,25.132741228718395
5,241,1.6082353621719213e-7,1,1,1,0.7483911182533883,0.04307753578572546,17.37311813693349,0.0031081821668508345,0.4493788544045669,25.13274122871819
5,242,1.6149085379485685e-7,2,2,1,0.749086315037081,0.04461555844974309,16.789800263979313,0.05189441098356877,0.022890463209269393,25.132741228718185
5,243,1.6215817137252154e-7,3,3,1,0.7495399803818232,0.04449834060631143,16.84422318156089,0.1157822071747199,0.014962474012712518,25.132741228718142
5,244,1.6282548895018623e-7,4,4,1,0.7497474234715075,0.04445176228256964,16.866539929407868,0.003764052580120632,0.577321111643221,25.13274122871842
5,245,1.6349280652785093e-7,0,0,1,0.7391651834706181,0.04444719796351858,16.63018631854613,0.6367874136832194,0.0015905072728379561,25.13274122871834
5,246,1.6416012410551564e-7,1,1,1,0.7394905399031684,0.044448825431303796,16.63689721218978,0.00321469094601519,0.45091870670636436,25.132741228718306
5,247,1.6482744168318034e-7,2,2,1,0.7401910469920704,0.04599235361121086,16.093784920188238,0.053793396526555314,0.02363213235003065,25.132741228718377
5,248,1.6549475926084503e-7,3,3,1,0.7406465678358002,0.045873592137398826,16.145379799721024,0.11404188446051455,0.015619644825683694,25.13274122871829
5,249,1.6616207683850972e-7,4,4,1,0.7408534842843248,0.0458280151606283,16.165951802355295,0.003915468450283364,0.5746413931342204,25.13274122871829
5,250,1.6682939441617444e-7,0,0,1,0.7301907979493949,0.045824130163804974,15.934635209423995,0.6328604903163582,0.0016543400173529936,25.132741228718324
5,251,1.6749671199383913e-7,1,1,1,0.7305173255129859,0.04582610809742436,15.941072804173924,0.003323063523143648,0.45239102643380763,25.132741228718306
5,252,1.6816402957150382e-7,2,2,1,0.7312227873419108,0.047374182830789285,15.435048029296597,0.055718061974860754,0.024379722001429464,25.13274122871828
5,253,1.688313471491685e-7,3,3,1,0.7316798176002496,0.047254017625066806,15.483970556867865,0.11236330730844811,0.0162911517228659,25.132741228718174
5,254,1.6949866472683323e-7,4,4,1,0.7318860445771274,0.04720956302791601,15.502919273884142,0.004070296722228256,0.5718909749148687,25.132741228718217
5,255,1.7016598230449792e-7,0,0,1,0.7211486254235233,0.04720639519629187,15.276502737073441,0.6288838160195303,0.0017202243068718775,25.132741228718412
5,256,1.708332998821626e-7,1,1,1,0.7214762629809456,0.04720873598071293,15.282685460498325,0.0034333313105686983,0.45379551560391934,25.132741228718125
5,257,1.715006174598273e-7,2,2,1,0.7221863242643599,0.04876041628178716,14.81091383820094,0.05766764413937253,0.025132781765681483,25.132741228718324
5,258,1.72167935037492e-7,3,3,1,0.7226445235901291,0.04863898837463629,14.857309901761148,0.11074634496458385,0.016976959460248728,25.132741228718242
5,259,1.728352526151567e-7,4,4,1,0.7228499052170478,0.04859577431811648,14.874748172241178,0.0042286122263249645,0.5690713586813494,25.132741228718338
5,260,1.735025701928214e-7,0,0,1,0.7120434513120301,0.04859336027411818,14.653101726148355,0.6248596413925245,0.0017882346800125056,25.132741228718324
5,261,1.741698877704861e-7,1,1,1,0.7123721377993052,0.04859607605605327,14.659046483045621,0.0035455266543250675,0.45513189549066496,25.132741228718267
5,262,1.7483720534815079e-7,2,2,1,0.7130864438051755,0.05015043931267486,14.218947103519236,0.059641364117340875,0.0258908594371324,25.132741228718228
5,263,1.755045229258155e-7,3,3,1,0.7135454779925069,0.050027890607595604,14.262953511059512,0.10919084312417991,0.017677029336775025,25.13274122871827
5,264,1.761718405034802e-7,4,4,1,0.7137498653582695,0.04998603221187175,14.27898622425072,0.004390492893709663,0.5661840811734021,25.132741228718295
5,265,1.7683915808114489e-7,0,0,1,0.7028800564025873,0.04998440732531932,14.061986407640116,0.6207902323854263,0.0018584469337494412,25.132741228718317
5,266,1.7750647565880958e-7,1,1,1,0.7032097306964633,0.04998751000817313,14.067708725269295,0.0036596827696941735,0.4563999070468476,25.13274122871819
5,267,1.781737932364743e-7,2,2,1,0.7039279275285465,0.05154365233060823,13.65692758855065,0.06163842801042584,0.026653501327086323,25.132741228718146
5,268,1.78841110814139e-7,3,3,1,0.7043874688953757,0.05142012535346901,13.698672728884254,0.10769662376437733,0.018391319229679147,25.132741228718114
5,269,1.7950842839180368e-7,4,4,1,0.7045907200497813,0.051379734542271786,13.71339743824662,0.0045560196364185105,0.5632307134920175,25.132741228718473
5,270,1.8017574596946837e-7,0,0,1,0.6936632144734868,0.05137893290237344,13.500926844695973,0.6166778681666477,0.0019309380635934904,25.132741228718373
5,271,1.808430635471331e-7,1,1,1,0.6939938152726398,0.05138243414103368,13.506441002148257,0.0037758336793318943,0.45759931133605974,25.13274122871838
5,272,1.8151038112479778e-7,2,2,1,0.6947155501596579,0.052939470664279197,13.122827664168842,0.06365802764229717,0.027420252585260166,25.1327412287183
5,273,1.8217769870246247e-7,3,3,1,0.6951752779084017,0.05281510832101875,13.162432114746677,0.1062634850160901,0.019119783623174513,25.132741228718295
5,274,1.8284501628012716e-7,4,4,1,0.6953772578364255,0.05277629367919439,13.17593960014208,0.00472527622348292,0.5602128603438233,25.13274122871829
5,275,1.8351233385779188e-7,0,0,1,0.6843976899138144,0.05277634807033718,12.96788646690161,0.6125248390043434,0.00200578620534653,25.132741228718444
5,276,1.8417965143545657e-7,1,1,1,0.6847291556332845,0.05278025926581156,12.973205610545724,0.0038940141538327767,0.4587298899713315,25.13274122871839
5,277,1.8484696901312126e-7,2,2,1,0.6854540772235497,0.05433732440688326,12.614792588806944,0.06569934127453128,0.028190657517748546,25.132741228718277
5,278,1.8551428659078595e-7,3,3,1,0.6859136777794954,0.05421226974955327,12.652369674766248,0.10489120107183394,0.01986237363026605,25.132741228718256
5,279,1.8618160416845065e-7,4,4,1,0.6861142583572454,0.054175136393296935,12.664744457240314,0.0048983491531182175,0.5571321592178025,25.132741228718245
5,280,1.8684892174611536e-7,0,0,1,0.6750882353452405,0.05417607827439765,12.461002288241884,0.6083334441645445,0.002083070578270431,25.132741228718167
5,281,1.8751623932378005e-7,1,1,1,0.6754205040237004,0.054180410568284466,12.46613853493149,0.004014259654579869,0.45979144555739426,25.132741228718416
5,282,1.8818355690144475e-7,2,2,1,0.6761482626837538,0.055736658240020734,12.1311231070229,0.06776153431965451,0.028964259901368607,25.132741228718388
5,283,1.8885087447910944e-7,3,3,1,0.6766074300111355,0.05561105424115801,12.166779415420166,0.10357952212666144,0.02061903700752982,25.132741228718242
5,284,1.8951819205677416e-7,4,4,1,0.6768064899448314,0.05557570370048752,12.178100228695698,0.005075327521151896,0.5539902794995499,25.132741228718405
5,285,1.9018550963443885e-7,0,0,1,0.6657395892490198,0.055577563187686106,11.978567448177047,0.6041059898290579,0.0021628714295074646,25.132741228718324
5,286,1.9085282721210354e-7,1,1,1,0.6660725984682827,0.055582327456476795,11.983531977674819,0.004136606278727486,0.46078380213378567,25.132741228718356
5,287,1.9152014478976823e-7,2,2,1,0.666802846584396,0.057136931239374154,11.67026005983481,0.06984376005029488,0.02974060329425874,25.1327412287183
5,288,1.9218746236743295e-7,3,3,1,0.6672612824798329,0.057010920574694715,11.704095912740064,0.10232817434974466,0.02138971816276278,25.13274122871824
5,289,1.9285477994509764e-7,4,4,1,0.6674587072290891,0.05697745068773454,11.714436135219577,0.0052563028858515935,0.5507889215278597,25.132741228718263
5,290,1.9352209752276233e-7,0,0,1,0.6563564736011082,0.05698025654021757,11.519015768871474,0.5998447870359152,0.002245269979590867,25.13274122871828
5,291,1.9418941510042702e-7,1,1,1,0.6566901604175782,0.0569854633894491,11.523818906755874,0.004261090706166547,0.46170680561626604,25.132741228718224
5,292,1.9485673267809174e-7,2,2,1,0.6574225526987395,0.05853761666306296,11.230770744951954,0.07194516030349397,0.03051923134260284,25.13274122871813
5,293,1.9552405025575643e-7,3,3,1,0.6578799670621118,0.05841134150243794,11.262880634827633,0.10113685988444368,0.022174358155457395,25.132741228718242
5,294,1.9619136783342112e-7,4,4,1,0.6580756487488773,0.058379846321100014,11.272308685592265,0.005441369129323854,0.5475298155981393,25.13274122871826
5,295,1.9685868541108581e-7,0,0,1,0.6469435915185804,0.05838362592986709,11.080908066513661,0.5955521496449068,0.0023303483688868276,25.132741228718306
5,296,1.9752600298875053e-7,1,1,1,0.6472778924061338,0.05838928568811906,11.085559358672555,0.004387750148325307,0.46256032423421556,25.132741228718345
5,297,1.9819332056641522e-7,2,2,1,0.6480120861873954,0.05993820172354856,10.811336802799072,0.07406486617931478,0.03129968808335575,25.132741228718483
5,298,1.9886063814407991e-7,3,3,1,0.6484681972700314,0.05981180353024846,10.84180979331418,0.10000525687499164,0.02297289469010578,25.132741228718295
5,299,1.995279557217446e-7,4,4,1,0.6486620345742788,0.059782373236897494,10.850389495309074,0.005630622315664106,0.5442147209168375,25.132741228718398
5,300,2.001952732994093e-7,0,0,1,0.6375056249198285,0.059787152616285484,10.66291999238274,0.5912303923305164,0.00241818960481331,25.132741228718313
5,301,2.0086259087707401e-7,1,1,1,0.6378404757237313,0.05979327532905504,10.667428272051668,0.004516622298664443,0.46334424896191845,25.1327412287182
5,302,2.015299084547387e-7,2,2,1,0.6385761312689099,0.06133818734402899,10.410743436015029,0.07620199873297664,0.03208151824286035,25.13274122871831
5,303,2.021972260324034e-7,3,3,1,0.6390306658991495,0.06121180668217854,10.439663531205648,0.0989330195181478,0.023785262102380814,25.132741228718302
5,304,2.028645436100681e-7,4,4,1,0.6392225639426037,0.06118452751689328,10.447454444526223,0.0058241605460456775,0.540845424510757,25.13274122871822
5,305,2.035318611877328e-7,0,0,1,0.6280472322013501,0.061190331298687624,10.263831211105407,0.5868818286044257,0.0025088775096867365,25.13274122871817
5,306,2.041991787653975e-7,1,1,1,0.6283825681027683,0.061196926722147736,10.268204659292977,0.0046477452847316705,0.4640584939417272,25.132741228718224
5,307,2.048664963430622e-7,2,2,1,0.629119348905307,0.06273708790022858,10.027869796981998,0.078355669659799,0.032864267531244475,25.13274122871827
5,308,2.0553381392072688e-7,3,3,1,0.6295720426915952,0.06261086425043558,10.055316281426595,0.0979197781383806,0.0246113913382801,25.1327412287183
5,309,2.062011314983916e-7,4,4,1,0.6297619129105044,0.06258581844847026,10.062374009361497,0.006022083810941278,0.5374237400948685,25.13274122871823
5,310,2.068684490760563e-7,0,0,1,0.6185730459334116,0.06259266987845301,9.882515750400193,0.5825087688694942,0.002602496669053779,25.132741228718356
5,311,2.0753576665372098e-7,1,1,1,0.6189088014240942,0.06259974747311851,9.886761950435424,0.004781157621649966,0.46470299689735406,25.132741228718274
5,312,2.0820308423138567e-7,2,2,1,0.6196463745052417,0.06413443094853168,9.661680400696348,0.08052498197233303,0.033647482932509125,25.132741228718174
5,313,2.088704018090504e-7,3,3,1,0.6200969720168354,0.06400850253162532,9.687728153153683,0.09696513928532517,0.025451209926355883,25.13274122871837
5,314,2.0953771938671508e-7,4,4,1,0.6202847320249826,0.06398576827070067,9.694104623402847,0.006224493839676594,0.5339515069020969,25.132741228718263
5,315,2.1020503696437977e-7,0,0,1,0.6090876705768177,0.06399368920747037,9.51793337937009,0.578113518507011,0.0026991323803729024,25.132741228718317
5,316,2.1087235454204446e-7,1,1,1,0.6094237794436479,0.06400125813180166,9.522059366217844,0.004916898166921851,0.4652777195355979,25.13274122871833
5,317,2.1153967211970918e-7,2,2,1,0.6101618156468726,0.06552975694138605,9.311217439622732,0.08270903066910364,0.03443071299022168,25.132741228718167
5,318,2.1220698969737387e-7,3,3,1,0.6106100705723774,0.06540426055020047,9.335937222372676,0.09606868585240419,0.026304641943182133,25.13274122871832
5,319,2.1287430727503857e-7,4,4,1,0.6107956440153551,0.06538391190724772,9.341680945640226,0.006431493947517595,0.5304305884782465,25.13274122871831
5,320,2.1354162485270326e-7,0,0,1,0.5995956802230737,0.0653929228231822,9.169121891742593,0.5736983759987998,0.002798870601918057,25.132741228718324
5,562,3.750324786475601e-7,2,2,1,0.2139443824124241,0.1243826553985975,1.7200499677934717,0.18841223327605908,0.06454938279820743,25.132741228718285
5,563,3.756997962252248e-7,3,3,1,0.2141578965985151,0.1243907151873978,1.7216549987342764,0.10910064847153578,0.08206531673512157,25.132741228718274
5,564,3.763671138028895e-7,4,4,1,0.21422323528828133,0.12449965446584776,1.7206733320456418,0.02431649419901056,0.33976630508125244,25.13274122871833
5,565,3.770344313805542e-7,0,0,1,0.20782730178524506,0.12456217573509104,1.6684623607348967,0.37467386991879176,0.013301200169576628,25.132741228718192
5,566,3.777017489582189e-7,1,1,1,0.208095429397095,0.12459793760924501,1.6701354243094195,0.015513457190909852,0.41191809571661536,25.132741228718274
5,1000,6.673175776646977e-7,0,0,1,0.21873997210961843,0.12149313684045811,1.8004306893224968,0.2934809905884401,0.06997195303310375,25.132741228718245
5,1001,6.679848952423624e-7,1,1,1,0.21888287810936838,0.12153028624134192,1.8010562212837877,0.056362205523821506,0.1958006862135141,25.13274122871821
5,1002,6.686522128200271e-7,2,2,1,0.21909598069342406,0.12012959397529732,1.8238301940692279,0.19164902518787855,0.044606004628900145,25.132741228718384
5,1003,6.693195303976918e-7,3,3,1,0.2191692962146967,0.12029485917454431,1.8219340187820368,0.15529915844628597,0.16184740428595643,25.13274122871829
5,1004,6.699868479753565e-7,4,4,1,0.21920898257666394,0.12035719699630158,1.8213201042177805,0.09081742002815794,0.25417193565018803,25.132741228718324
5,1778,0.0000011864906530878325,2,3,0,0.07979349880427042,0.07795326382646574,1.023606900949026,0.07672669483563517,0.016034100465544116,25.13274122871833
5,1779,0.000001187157970665497,3,4,0,0.07983120763676056,0.07797867710100441,1.0237568859158332,0.058739088183387675,0.14013515905865975,25.132741228718302
5,1780,0.000001187825288243162,4,0,0,0.07984953053476501,0.07518466380590488,1.0620454557182413,0.21458848797152513,0.1119273404281684,25.132741228718213
5,1781,0.0000011884926058208267,0,1,0,0.0789364156164933,0.07528190001584123,1.0485444124003653,0.1073300102352427,0.2188527310639052,25.1327412287182
5,1782,0.0000011891599233984913,1,2,0,0.0790131678878276,0.07545168834752447,1.047202118578172,0.09102154490174366,0.09166337932472182,25.13274122871839
5,3162,0.0000021100581805757743,1,2,0,0.11393881783885716,0.07172103309162622,1.5886388263997282,0.10564636409648144,0.08043993909535792,25.132741228718366
5,3163,0.0000021107254981534387,2,3,0,0.11405140848691886,0.07175767477177071,1.58939665826221,0.045581317687873685,0.052251461647800826,25.132741228718267
5,3164,0.0000021113928157311035,3,4,0,0.11409374323507245,0.07178016948716207,1.5894883510337516,0.10310617062410522,0.0724604809217108,25.132741228718288
5,3165,0.0000021120601333087683,4,0,0,0.11411044895045191,0.07035491534629731,1.6219257515808723,0.10902821575276199,0.15470196338057352,25.13274122871826
5,3166,0.000002112727450886433,0,1,0,0.11447330993492814,0.07042751516325034,1.625406059969318,0.12752311024664256,0.11601594074910333,25.13274122871831
5,5623,0.000003752326739208595,0,3,0,0.11049076460346306,0.04534070457509233,2.436900035826981,0.10923203057698623,0.06096217624888254,25.132741228718178
5,5624,0.00000375299405678626,1,4,0,0.11055072848696232,0.045386732621346675,2.4357498789187386,0.032818668581738736,0.04390697929473826,25.132741228718285
5,5625,0.0000037536613743639248,2,0,0,0.11060408095462591,0.04540067943807564,2.4361767780476633,0.031323372080949714,0.05836650913533508,25.13274122871839
5,5626,0.000003754328691941589,3,1,0,0.11063441791191607,0.045407461037200426,2.4364810404457087,0.11258905614438139,0.056052014193389454,25.132741228718288
5,5627,0.000003754996009519254,4,2,0,0.11064695155069322,0.04480401979997882,2.469576436325598,0.07084250654215675,0.13530340161007848,25.132741228718455
5,10000,0.000006673175776646977,3,0,0,0.11987886852236494,0.0792136245969574,1.5133617371041181,0.11346072709327366,0.04469603078956691,25.132741228718267
5,10001,0.000006673843094224642,4,1,0,0.11990027623002429,0.07927131944636405,1.5125303459992272,0.019691621954539808,0.1422533516148253,25.13274122871845
5,10002,0.000006674510411802306,0,2,0,0.11930731631506492,0.07930111783598766,1.5044846727358745,0.16816845133204672,0.04107531007547192,25.132741228718206
5,10003,0.000006675177729379971,1,3,0,0.11938626708237107,0.07931115947157663,1.5052896449604483,0.08293415567385855,0.09908686573801188,25.13274122871837
5,10004,0.000006675845046957636,2,4,0,0.11946149888453451,0.0796502499217995,1.4998257883913941,0.059452534464181604,0.08811271726478037,25.132741228718327
5,17783,0.00001186690848361132,3,3,1,0.13485387857698092,0.104134908962953,1.2949920436859121,0.0960203219830033,0.10991083510858353,25.132741228718192
5,17784,0.000011867575801188984,4,4,1,0.13487376681236798,0.10398930310157682,1.296996544737137,0.09675608886122683,0.14463880829010156,25.1327412287183
5,17785,0.000011868243118766649,0,0,1,0.13472573907595933,0.10405707043312672,1.2947293107059181,0.15118846380420173,0.06514457547452586,25.13274122871824
5,17786,0.000011868910436344313,1,1,1,0.1348344367327173,0.10416947814752443,1.2943756571552107,0.033666379879908455,0.08513359844036268,25.132741228718306
5,17787,0.000011869577753921977,2,2,1,0.1349626191474573,0.10420975335814772,1.295105446451046,0.07633640580075855,0.0585938661715361,25.132741228718313
