mask,cellPx,pitchPx,cells,G0,s,Ia,seed,t,ber,on_min,on_median,off_max,false_activation,bg_max,lyapunov_at_end
moat,3,6,49,3,-0.6,0.05,1,1,0.02040816326530612,0.10263995773902117,1.0768831661789553,0.024760905338123293,0,0.7907269412015662,NaN
moat,3,6,49,3,-0.6,0.05,1,3,0.16326530612244897,0.002643605676379593,0.5178231046282615,0.04142811289665956,0,0.39737382172976066,NaN
moat,3,6,49,3,-0.6,0.05,1,10,0.3469387755102041,0.0004170213362255253,0.15776175306659126,0.6405023758142597,0.05,0.30830324786825963,NaN
moat,3,6,49,3,-0.6,0.05,1,30,0.42857142857142855,0.000307526853063893,0.008835058369378443,3.541789928765702,0.25,0.3312982970192542,NaN
moat,3,6,49,3,-0.6,0.05,1,100,0.4897959183673469,0.0006708568306794492,0.01845786193379798,3.7127186079778065,0.4,0.40244529678463653,NaN
moat,3,6,49,3,-0.6,0.05,1,300,0.4897959183673469,0.0007638175498989143,0.01839456357855878,3.54323746675699,0.4,0.400246320146024,NaN
moat,3,6,49,3,-0.6,0.05,1,1000,0.4897959183673469,0.0006049355684483081,0.024065946624291196,3.695397401998057,0.4,0.3949393901732138,NaN
moat,3,6,49,3,-0.6,0.05,1,1500,0.4897959183673469,0.000734527422172276,0.023159520807476096,3.673376006816907,0.4,0.39896964538281976,NaN
moat,3,6,49,3,-0.6,0.05,2,1,0.061224489795918366,0.1002999436994425,1.40816027804698,0.024327752694142706,0,0.6918287653738114,NaN
moat,3,6,49,3,-0.6,0.05,2,3,0.16326530612244897,0.0030355097935162965,1.0460880031529358,0.05232388103194773,0,0.43262379282931446,NaN
moat,3,6,49,3,-0.6,0.05,2,10,0.2653061224489796,0.0009589648639146994,0.829627910733965,0.9305162186961806,0.08333333333333333,0.3355951544318371,NaN
moat,3,6,49,3,-0.6,0.05,2,30,0.30612244897959184,0.0007751964603984205,0.8965230687745515,2.8889842080489414,0.16666666666666666,0.38822688579709963,NaN
moat,3,6,49,3,-0.6,0.05,2,100,0.3469387755102041,0.0010019621830447427,0.9061324545717658,2.938371206600329,0.25,0.39920864289130364,NaN
moat,3,6,49,3,-0.6,0.05,2,300,0.3673469387755102,0.0008462264842191119,0.874223446861908,3.312662213334152,0.2916666666666667,0.4184911150748484,NaN
moat,3,6,49,3,-0.6,0.05,2,1000,0.3673469387755102,0.0006310895377577611,0.8776997176979274,3.3665790097836514,0.2916666666666667,0.4014226077566113,NaN
moat,3,6,49,3,-0.6,0.05,2,1500,0.3673469387755102,0.0007409165050721864,0.9043635463270542,3.3145499422408693,0.2916666666666667,0.40030471499805925,NaN
moat,3,6,49,3,-0.6,0.05,3,1,0.061224489795918366,0.08980510614646059,0.8070368598011448,0.023782608142837346,0,0.7994487098275671,NaN
moat,3,6,49,3,-0.6,0.05,3,3,0.24489795918367346,0.0002699586237854647,0.25387465684900734,0.03132033311496091,0,0.33724868994099255,NaN
moat,3,6,49,3,-0.6,0.05,3,10,0.3469387755102041,0.00015867238546177535,0.008178201093613988,0.323571524735339,0.041666666666666664,0.3130587676720248,NaN
moat,3,6,49,3,-0.6,0.05,3,30,0.42857142857142855,0.0001852027770243404,0.0030915737810559545,3.176497284523231,0.20833333333333334,0.3589394326282661,NaN
moat,3,6,49,3,-0.6,0.05,3,100,0.5306122448979592,0.0002592927617729548,0.0048643514085014395,3.687389780882914,0.4166666666666667,0.4030296710447829,NaN
moat,3,6,49,3,-0.6,0.05,3,300,0.5714285714285714,0.0004200836506274313,0.007147067122656745,3.5740441319929253,0.5,0.4098004366514112,NaN
moat,3,6,49,3,-0.6,0.05,3,1000,0.5918367346938775,0.0002322576277374864,0.007184687549075334,3.7718352508154984,0.5416666666666666,0.4063751956062827,NaN
moat,3,6,49,3,-0.6,0.05,3,1500,0.5714285714285714,0.0001783595780798478,0.007304399327403857,3.686124662777453,0.5,0.4009025340686239,NaN
moat,3,6,49,3,-0.8,0.3,1,1,0.02040816326530612,0.09356624034482565,0.9816830732354315,0.022571958046915128,0,0.720824020755293,NaN
moat,3,6,49,3,-0.8,0.3,1,3,0.2857142857142857,0.0015909594183509356,0.31991156947464455,0.018426988077833696,0,0.30366125792600995,NaN
moat,3,6,49,3,-0.8,0.3,1,10,0.3877551020408163,0.00003039372681355117,0.0019442200473241173,0.012504101083292446,0,0.13974475810428055,NaN
moat,3,6,49,3,-0.8,0.3,1,30,0.4897959183673469,0.000025819061804731964,0.00038703271774961077,0.005111079771688275,0,0.13457823589023546,NaN
moat,3,6,49,3,-0.8,0.3,1,100,0.4897959183673469,0.000021627761275430303,0.0003913650533085907,0.006781391845451239,0,0.15558042299844638,NaN
moat,3,6,49,3,-0.8,0.3,1,300,0.4897959183673469,0.000021115640726121082,0.00040438862095394716,0.007974809418235008,0,0.174069838475189,NaN
moat,3,6,49,3,-0.8,0.3,1,1000,0.4897959183673469,0.000022250203074128597,0.0004014548080011912,0.007927405076516354,0,0.17559603469304552,NaN
moat,3,6,49,3,-0.8,0.3,1,1500,0.4897959183673469,0.000022254011449061914,0.0004014449347177688,0.007927162647028217,0,0.17559994794686645,NaN
moat,3,6,49,3,-0.8,0.3,2,1,0.061224489795918366,0.09143309141471608,1.2836741744846796,0.022177097553151653,0,0.6306687762189198,NaN
moat,3,6,49,3,-0.8,0.3,2,3,0.20408163265306123,0.0019114417096309398,0.7339772021718487,0.02187833187724987,0,0.3245959117345024,NaN
moat,3,6,49,3,-0.8,0.3,2,10,0.32653061224489793,0.0001347209554462223,0.0325579681554946,0.011823272446962345,0,0.1392649880202713,NaN
moat,3,6,49,3,-0.8,0.3,2,30,0.3877551020408163,0.00001990841004230543,0.0005086841500812653,0.005228401301674877,0,0.1266334744336997,NaN
moat,3,6,49,3,-0.8,0.3,2,100,0.3877551020408163,0.00005103824001396095,0.0005221480348939229,0.005155351226548725,0,0.1312856383004956,NaN
moat,3,6,49,3,-0.8,0.3,2,300,0.3877551020408163,0.00001004255729038371,0.0009738568414125984,0.007908940736631127,0,0.16014905616502062,NaN
moat,3,6,49,3,-0.8,0.3,2,1000,0.3877551020408163,0.000007835627638043137,0.0009263751845217624,0.008187549092796086,0,0.1645339738140718,NaN
moat,3,6,49,3,-0.8,0.3,2,1500,0.3877551020408163,0.000007835550512221789,0.0009263739784025862,0.00818754237131173,0,0.16453416975861593,NaN
moat,3,6,49,3,-0.8,0.3,3,1,0.061224489795918366,0.08186603279063719,0.7356920877080586,0.021680145613247274,0,0.7287747557075368,NaN
moat,3,6,49,3,-0.8,0.3,3,3,0.30612244897959184,0.00017155444478693222,0.13238956927468842,0.013308780957010782,0,0.2658003924607479,NaN
moat,3,6,49,3,-0.8,0.3,3,10,0.3673469387755102,0.00003958735904175716,0.0005031339721865629,0.006993909288727122,0,0.12217850269562802,NaN
moat,3,6,49,3,-0.8,0.3,3,30,0.3877551020408163,0.000018068866710236533,0.00017914323467585578,0.006257208630062701,0,0.13144801015000201,NaN
moat,3,6,49,3,-0.8,0.3,3,100,0.3877551020408163,0.00003309801156674021,0.00024373850411726105,0.00928182954383026,0,0.16747071753917883,NaN
moat,3,6,49,3,-0.8,0.3,3,300,0.3877551020408163,0.00003920133899367845,0.0002869536392994521,0.010939815576335539,0,0.17621692050343887,NaN
moat,3,6,49,3,-0.8,0.3,3,1000,0.3877551020408163,0.00003883292889959776,0.00028760176369702685,0.010980060901456383,0,0.17621510840497967,NaN
moat,3,6,49,3,-0.8,0.3,3,1500,0.3877551020408163,0.000038832276396183864,0.000287602214867302,0.01098007247341907,0,0.1762147677836699,NaN
moat,3,6,49,3.8,-0.6,0.05,1,1,0.02040816326530612,0.12112953429275201,1.2708730525652818,0.02922133833979112,0,0.9331686046092813,NaN
moat,3,6,49,3.8,-0.6,0.05,1,3,0.14285714285714285,0.004162561870234917,0.8091207242989275,0.07438435778062458,0,0.5776335085939855,NaN
moat,3,6,49,3.8,-0.6,0.05,1,10,0.2857142857142857,0.0027760339399950356,0.6239322568568011,2.347680796706559,0.15,0.5632641320481879,NaN
moat,3,6,49,3.8,-0.6,0.05,1,30,0.3877551020408163,0.005029976369673563,0.5480435975228097,6.284445200822421,0.4,0.7372316704741668,NaN
moat,3,6,49,3.8,-0.6,0.05,1,100,0.42857142857142855,0.005857405177251147,0.5588486359793556,6.171638202640302,0.4,0.7374492666881262,NaN
moat,3,6,49,3.8,-0.6,0.05,1,300,0.40816326530612246,0.001453911555179073,0.5561969050345563,6.194973282055672,0.4,0.6463136962089835,NaN
moat,3,6,49,3.8,-0.6,0.05,1,1000,0.3877551020408163,0.0016117564327684786,0.558190181044776,6.508708340595874,0.4,0.7537195450603835,NaN
moat,3,6,49,3.8,-0.6,0.05,1,1500,0.3877551020408163,0.004582381382392336,0.5815440613339973,6.4183451700842555,0.4,0.7395571401755263,NaN
moat,3,6,49,3.8,-0.6,0.05,2,1,0.061224489795918366,0.11836798979198972,1.6618264703799328,0.02871015751705098,0,0.8164548973523241,NaN
moat,3,6,49,3.8,-0.6,0.05,2,3,0.14285714285714285,0.004726991036976902,1.5697125290878782,0.09051055452470075,0,0.6343894892986349,NaN
moat,3,6,49,3.8,-0.6,0.05,2,10,0.24489795918367346,0.0037030361092446878,1.7763905704130738,2.7751955677486917,0.125,0.6556793477222926,NaN
moat,3,6,49,3.8,-0.6,0.05,2,30,0.3673469387755102,0.005147573951532014,1.9406141918391566,4.91429633027167,0.3333333333333333,0.8145414420620738,NaN
moat,3,6,49,3.8,-0.6,0.05,2,100,0.3673469387755102,0.005524124408545492,1.951429178308067,5.150132689347795,0.3333333333333333,0.8023225571278334,NaN
moat,3,6,49,3.8,-0.6,0.05,2,300,0.3469387755102041,0.005779351485893235,1.9415005245579806,5.618779744052038,0.3333333333333333,0.785119598032569,NaN
moat,3,6,49,3.8,-0.6,0.05,2,1000,0.3673469387755102,0.004308487697265134,1.791614681676382,5.698164055931309,0.375,0.7254473133514252,NaN
moat,3,6,49,3.8,-0.6,0.05,2,1500,0.3877551020408163,0.004671124511945499,1.567169504025929,5.8150237092094805,0.4166666666666667,0.7375474218822485,NaN
moat,3,6,49,3.8,-0.6,0.05,3,1,0.061224489795918366,0.1059826107127902,0.952416594260087,0.028066810548906737,0,0.943461513873362,NaN
moat,3,6,49,3.8,-0.6,0.05,3,3,0.20408163265306123,0.0004174405465246778,0.41545353802689117,0.05420546764616591,0,0.4893627113129656,NaN
moat,3,6,49,3.8,-0.6,0.05,3,10,0.3877551020408163,0.0002955745173815144,0.10639563682091638,1.6581613015524599,0.16666666666666666,0.5385022321011955,NaN
moat,3,6,49,3.8,-0.6,0.05,3,30,0.5510204081632653,0.000643642664238507,0.04779836979998565,5.580740839962957,0.5,0.7147518865110485,NaN
moat,3,6,49,3.8,-0.6,0.05,3,100,0.6530612244897959,0.0006630833869741838,0.02216838502828245,6.001018955569692,0.6666666666666666,0.7839905217038271,NaN
moat,3,6,49,3.8,-0.6,0.05,3,300,0.6530612244897959,0.00062918242221765,0.025085857434232427,6.3381344670737825,0.7083333333333334,0.7594418784125203,NaN
moat,3,6,49,3.8,-0.6,0.05,3,1000,0.6530612244897959,0.0005362573268799449,0.02065147476983684,6.176455542078808,0.7083333333333334,0.7611759979904418,NaN
moat,3,6,49,3.8,-0.6,0.05,3,1500,0.6122448979591837,0.0006377667180135447,0.024748854952563945,6.185886410680005,0.625,0.7307649524072409,NaN
moat,3,6,49,3.8,-0.8,0.3,1,1,0.02040816326530612,0.11109343224971818,1.165575763066413,0.02680022498271855,0,0.8558515787171523,NaN
moat,3,6,49,3.8,-0.8,0.3,1,3,0.1836734693877551,0.002837449145480863,0.5661762255862152,0.03133489433664913,0,0.4825943902102479,NaN
moat,3,6,49,3.8,-0.8,0.3,1,10,0.32653061224489793,0.00010063841184550176,0.02304458886300822,0.07985589426222722,0,0.4150018177962283,NaN
moat,3,6,49,3.8,-0.8,0.3,1,30,0.3469387755102041,0.00008898519531422173,0.0055419174031339676,3.8101852290808296,0.05,0.47951596771872634,NaN
moat,3,6,49,3.8,-0.8,0.3,1,100,0.3673469387755102,0.0000521951636098528,0.0055734250340536634,4.481648010845044,0.1,0.5119276734964501,NaN
moat,3,6,49,3.8,-0.8,0.3,1,300,0.40816326530612246,0.000362166959046756,0.008056391533629739,4.752980171234942,0.2,0.5069900481139985,NaN
moat,3,6,49,3.8,-0.8,0.3,1,1000,0.40816326530612246,0.0002856543837811464,0.009789242828156765,4.8214491111081434,0.2,0.4966127123674195,NaN
moat,3,6,49,3.8,-0.8,0.3,1,1500,0.40816326530612246,0.00026410636930823835,0.010159698180528812,4.854862780540034,0.2,0.5019133150424734,NaN
moat,3,6,49,3.8,-0.8,0.3,2,1,0.061224489795918366,0.10856069356884007,1.5241370114719277,0.026331397686138798,0,0.7488081032718745,NaN
moat,3,6,49,3.8,-0.8,0.3,2,3,0.16326530612244897,0.003329833650584528,1.211367578975714,0.03811393221374684,0,0.5279912539188492,NaN
moat,3,6,49,3.8,-0.8,0.3,2,10,0.22448979591836735,0.000671970099028293,0.8395771097984261,0.16431994936404692,0,0.4515621559113424,NaN
moat,3,6,49,3.8,-0.8,0.3,2,30,0.2857142857142857,0.000634498820460033,0.8210610094902803,3.5285988866818214,0.08333333333333333,0.5069318608279828,NaN
moat,3,6,49,3.8,-0.8,0.3,2,100,0.2857142857142857,0.0006917445912451789,0.8596743326245924,3.928947882735512,0.08333333333333333,0.511031785432589,NaN
moat,3,6,49,3.8,-0.8,0.3,2,300,0.30612244897959184,0.0004891445163608448,0.8368588614795944,4.547472131929082,0.125,0.5087764343282412,NaN
moat,3,6,49,3.8,-0.8,0.3,2,1000,0.32653061224489793,0.00019944664796750923,0.012206375438404325,4.457292301887689,0.125,0.5296281800524731,NaN
moat,3,6,49,3.8,-0.8,0.3,2,1500,0.32653061224489793,0.00019455849757752053,0.012207465350247925,4.455543951581678,0.125,0.5277647158974498,NaN
moat,3,6,49,3.8,-0.8,0.3,3,1,0.061224489795918366,0.09720149632882823,0.8735047897750517,0.025741354776819422,0,0.865291676251235,NaN
moat,3,6,49,3.8,-0.8,0.3,3,3,0.2653061224489796,0.00026128992033053736,0.2544264111078175,0.02315583085522341,0,0.41719708532709954,NaN
moat,3,6,49,3.8,-0.8,0.3,3,10,0.32653061224489793,0.00014454252046403884,0.0025248320613810264,0.0344803952437694,0,0.4329129769085754,NaN
moat,3,6,49,3.8,-0.8,0.3,3,30,0.3469387755102041,0.00016260904812448086,0.002971650041048478,0.43309536039818386,0.041666666666666664,0.42212812190615945,NaN
moat,3,6,49,3.8,-0.8,0.3,3,100,0.3877551020408163,0.00028536570264733934,0.0027450406130412994,4.788738453170536,0.125,0.4633603962230832,NaN
moat,3,6,49,3.8,-0.8,0.3,3,300,0.3877551020408163,0.0002251863206996361,0.00462931790628439,4.85096519000635,0.125,0.4841133722670189,NaN
moat,3,6,49,3.8,-0.8,0.3,3,1000,0.3877551020408163,0.00014966837588726626,0.0031279199753887882,4.814955875455604,0.125,0.4809677960654082,NaN
moat,3,6,49,3.8,-0.8,0.3,3,1500,0.3877551020408163,0.00024373960556499486,0.0035141217437421085,4.787405916112231,0.125,0.4638321133151211,NaN
