mask,cellPx,pitchPx,cells,kerr,G0,s,T,seed,lyapunov,energy_final_rel,mean_cell_I,max_cell_I,pattern_corr_T_vs_0,pattern_corr_T_vs_half,ber,fill_fraction,input_response,pulse_cell_final_I,energy_trace,thr
moat,3,5,9,0,1.6,-0.2,3000,7,-0.08420455820735344,2.2713455143811453e-219,1.4957015149986375e-219,8.449995093627348e-218,0,0,0.4567901234567901,0,1.1517872735182405e-116,7.467370461745947e-121,2.215e-4 1.030e-8 4.117e-13 1.671e-17 6.810e-22 2.781e-26 1.137e-30 4.647e-35 1.900e-39 7.768e-44 3.176e-48 1.299e-52 5.311e-57 2.172e-61 8.882e-66 3.632e-70 1.485e-74 6.074e-79 2.484e-83 1.016e-87 4.153e-92 1.698e-96 6.946e-101 2.840e-105 1.161e-109 4.750e-114 1.942e-118 7.943e-123 3.248e-127 1.328e-131 5.431e-136 2.221e-140 9.083e-145 3.714e-149 1.519e-153 6.211e-158 2.540e-162 1.039e-166 4.247e-171 1.737e-175 7.103e-180 2.905e-184 1.188e-188 4.857e-193 1.986e-197 8.122e-202 3.321e-206 1.358e-210 5.554e-215 2.271e-219,0.44999999999999996
moat,3,5,9,0,1.6,-0.4,3000,7,-0.2280455944334855,0,0,0,0,0,0.4567901234567901,0,0,3.4331657303141967e-308,5.048e-10 6.270e-22 8.071e-34 1.048e-45 1.365e-57 1.779e-69 2.319e-81 3.025e-93 3.944e-105 5.144e-117 6.708e-129 8.748e-141 1.141e-152 1.488e-164 1.940e-176 2.531e-188 3.300e-200 4.304e-212 5.613e-224 7.320e-236 9.547e-248 1.245e-259 1.624e-271 2.118e-283 2.762e-295 3.601e-307 4.697e-319 0.000e+0 0.000e+0 0.000e+0 0.000e+0 0.000e+0 0.000e+0 0.000e+0 0.000e+0 0.000e+0 0.000e+0 0.000e+0 0.000e+0 0.000e+0 0.000e+0 0.000e+0 0.000e+0 0.000e+0 0.000e+0 0.000e+0 0.000e+0 0.000e+0 0.000e+0 0.000e+0,0.44999999999999996
moat,3,5,9,0,1.6,-0.6,3000,7,-0.43077814845542284,0,0,0,0,0,0.4567901234567901,0,0,0,1.588e-18 5.434e-41 1.912e-63 6.771e-86 2.401e-108 8.514e-131 3.020e-153 1.071e-175 3.799e-198 1.348e-220 4.780e-243 1.695e-265 6.013e-288 2.133e-310 0.000e+0 0.000e+0 0.000e+0 0.000e+0 0.000e+0 0.000e+0 0.000e+0 0.000e+0 0.000e+0 0.000e+0 0.000e+0 0.000e+0 0.000e+0 0.000e+0 0.000e+0 0.000e+0 0.000e+0 0.000e+0 0.000e+0 0.000e+0 0.000e+0 0.000e+0 0.000e+0 0.000e+0 0.000e+0 0.000e+0 0.000e+0 0.000e+0 0.000e+0 0.000e+0 0.000e+0 0.000e+0 0.000e+0 0.000e+0 0.000e+0 0.000e+0,0.44999999999999996
moat,3,5,9,0,1.6,-0.8,3000,7,-0.7773517387026334,0,0,0,0,0,0.4567901234567901,0,0,0,4.018e-33 1.200e-73 3.677e-114 1.131e-154 3.481e-195 1.071e-235 3.297e-276 1.014e-316 0.000e+0 0.000e+0 0.000e+0 0.000e+0 0.000e+0 0.000e+0 0.000e+0 0.000e+0 0.000e+0 0.000e+0 0.000e+0 0.000e+0 0.000e+0 0.000e+0 0.000e+0 0.000e+0 0.000e+0 0.000e+0 0.000e+0 0.000e+0 0.000e+0 0.000e+0 0.000e+0 0.000e+0 0.000e+0 0.000e+0 0.000e+0 0.000e+0 0.000e+0 0.000e+0 0.000e+0 0.000e+0 0.000e+0 0.000e+0 0.000e+0 0.000e+0 0.000e+0 0.000e+0 0.000e+0 0.000e+0 0.000e+0 0.000e+0,0.44999999999999996
moat,3,5,9,0,1.8,-0.2,3000,7,-0.00024022532824222043,0.06708995168905342,0.04451723747221994,0.5755474190108514,0.030410195495108334,0.9998606634220235,0.4444444444444444,0.010986328125,0.0000012184737275199175,0.000344737945969586,5.354e-2 6.974e-2 7.586e-2 7.545e-2 7.461e-2 7.381e-2 7.311e-2 7.250e-2 7.196e-2 7.144e-2 7.089e-2 7.025e-2 6.947e-2 6.854e-2 6.772e-2 6.727e-2 6.710e-2 6.706e-2 6.706e-2 6.708e-2 6.709e-2 6.710e-2 6.710e-2 6.711e-2 6.711e-2 6.711e-2 6.711e-2 6.711e-2 6.711e-2 6.711e-2 6.710e-2 6.710e-2 6.710e-2 6.710e-2 6.710e-2 6.710e-2 6.709e-2 6.709e-2 6.709e-2 6.709e-2 6.709e-2 6.709e-2 6.709e-2 6.709e-2 6.709e-2 6.709e-2 6.709e-2 6.709e-2 6.709e-2 6.709e-2,0.44999999999999996
moat,3,5,9,0,1.8,-0.4,3000,7,-0.16915407646124497,0,0,0,0,0,0.4567901234567901,0,0,1.839687268247276e-231,5.541e-3 4.703e-7 6.753e-16 1.024e-24 1.566e-33 2.398e-42 3.671e-51 5.617e-60 8.593e-69 1.314e-77 2.010e-86 3.074e-95 4.702e-104 7.190e-113 1.100e-121 1.682e-130 2.572e-139 3.933e-148 6.014e-157 9.197e-166 1.406e-174 2.151e-183 3.289e-192 5.030e-201 7.692e-210 1.176e-218 1.799e-227 2.751e-236 4.207e-245 6.433e-254 9.838e-263 1.504e-271 2.301e-280 3.518e-289 5.380e-298 8.228e-307 1.258e-315 0.000e+0 0.000e+0 0.000e+0 0.000e+0 0.000e+0 0.000e+0 0.000e+0 0.000e+0 0.000e+0 0.000e+0 0.000e+0 0.000e+0 0.000e+0,0.44999999999999996
moat,3,5,9,0,1.8,-0.6,3000,7,-0.3718866305618431,0,0,0,0,0,0.4567901234567901,0,0,0,7.366e-10 2.848e-29 1.172e-48 4.876e-68 2.031e-87 8.453e-107 3.517e-126 1.463e-145 6.088e-165 2.532e-184 1.053e-203 4.381e-223 1.822e-242 7.579e-262 3.152e-281 1.311e-300 5.453e-320 0.000e+0 0.000e+0 0.000e+0 0.000e+0 0.000e+0 0.000e+0 0.000e+0 0.000e+0 0.000e+0 0.000e+0 0.000e+0 0.000e+0 0.000e+0 0.000e+0 0.000e+0 0.000e+0 0.000e+0 0.000e+0 0.000e+0 0.000e+0 0.000e+0 0.000e+0 0.000e+0 0.000e+0 0.000e+0 0.000e+0 0.000e+0 0.000e+0 0.000e+0 0.000e+0 0.000e+0 0.000e+0 0.000e+0,0.44999999999999996
moat,3,5,9,0,1.8,-0.8,3000,7,-0.7184602208357121,0,0,0,0,0,0.4567901234567901,0,0,0,3.869e-24 1.328e-61 4.761e-99 1.719e-136 6.208e-174 2.241e-211 8.090e-249 2.919e-286 9.881e-324 0.000e+0 0.000e+0 0.000e+0 0.000e+0 0.000e+0 0.000e+0 0.000e+0 0.000e+0 0.000e+0 0.000e+0 0.000e+0 0.000e+0 0.000e+0 0.000e+0 0.000e+0 0.000e+0 0.000e+0 0.000e+0 0.000e+0 0.000e+0 0.000e+0 0.000e+0 0.000e+0 0.000e+0 0.000e+0 0.000e+0 0.000e+0 0.000e+0 0.000e+0 0.000e+0 0.000e+0 0.000e+0 0.000e+0 0.000e+0 0.000e+0 0.000e+0 0.000e+0 0.000e+0 0.000e+0 0.000e+0 0.000e+0,0.44999999999999996
moat,3,5,9,0,1.9,-0.2,3000,7,0.000018764564103135797,0.1662738296857486,0.10865358652962838,0.8371376462761133,0.10944791371265043,0.9999848021073865,0.4691358024691358,0.020263671875,2.827202829834949e-7,0.0011384421664010114,1.419e-1 1.645e-1 1.694e-1 1.702e-1 1.700e-1 1.696e-1 1.693e-1 1.690e-1 1.688e-1 1.686e-1 1.684e-1 1.683e-1 1.682e-1 1.681e-1 1.679e-1 1.678e-1 1.677e-1 1.675e-1 1.674e-1 1.672e-1 1.671e-1 1.670e-1 1.668e-1 1.667e-1 1.667e-1 1.666e-1 1.665e-1 1.665e-1 1.664e-1 1.664e-1 1.664e-1 1.664e-1 1.663e-1 1.663e-1 1.663e-1 1.663e-1 1.663e-1 1.663e-1 1.663e-1 1.663e-1 1.663e-1 1.663e-1 1.663e-1 1.663e-1 1.663e-1 1.663e-1 1.663e-1 1.663e-1 1.663e-1 1.663e-1,0.44999999999999996
moat,3,5,9,0,1.9,-0.4,3000,7,8.455597345328641e-7,0.03890250862668464,0.025730673043506836,0.6596285943737037,0.17465275913995323,0.9999999297425913,0.43209876543209874,0.005615234375,0.0000024570182966682936,0.00003589270209935422,3.927e-2 3.769e-2 3.832e-2 3.849e-2 3.855e-2 3.859e-2 3.862e-2 3.865e-2 3.868e-2 3.871e-2 3.874e-2 3.876e-2 3.878e-2 3.880e-2 3.882e-2 3.884e-2 3.885e-2 3.886e-2 3.887e-2 3.887e-2 3.888e-2 3.888e-2 3.889e-2 3.889e-2 3.889e-2 3.890e-2 3.890e-2 3.890e-2 3.890e-2 3.890e-2 3.890e-2 3.890e-2 3.890e-2 3.890e-2 3.890e-2 3.890e-2 3.890e-2 3.890e-2 3.890e-2 3.890e-2 3.890e-2 3.890e-2 3.890e-2 3.890e-2 3.890e-2 3.890e-2 3.890e-2 3.890e-2 3.890e-2 3.890e-2,0.44999999999999996
moat,3,5,9,0,1.9,-0.6,3000,7,-0.3448530198834558,0,0,0,0,0,0.4567901234567901,0,0,0,4.679e-3 6.468e-15 6.599e-33 7.000e-51 7.471e-69 7.977e-87 8.512e-105 9.081e-123 9.686e-141 1.033e-158 1.102e-176 1.175e-194 1.253e-212 1.336e-230 1.424e-248 1.519e-266 1.619e-284 1.727e-302 1.841e-320 0.000e+0 0.000e+0 0.000e+0 0.000e+0 0.000e+0 0.000e+0 0.000e+0 0.000e+0 0.000e+0 0.000e+0 0.000e+0 0.000e+0 0.000e+0 0.000e+0 0.000e+0 0.000e+0 0.000e+0 0.000e+0 0.000e+0 0.000e+0 0.000e+0 0.000e+0 0.000e+0 0.000e+0 0.000e+0 0.000e+0 0.000e+0 0.000e+0 0.000e+0 0.000e+0 0.000e+0,0.44999999999999996
moat,3,5,9,0,1.9,-0.8,3000,7,-0.6914266101865574,0,0,0,0,0,0.4567901234567901,0,0,0,2.283e-15 1.951e-51 1.784e-87 1.650e-123 1.528e-159 1.415e-195 1.309e-231 1.211e-267 1.120e-303 0.000e+0 0.000e+0 0.000e+0 0.000e+0 0.000e+0 0.000e+0 0.000e+0 0.000e+0 0.000e+0 0.000e+0 0.000e+0 0.000e+0 0.000e+0 0.000e+0 0.000e+0 0.000e+0 0.000e+0 0.000e+0 0.000e+0 0.000e+0 0.000e+0 0.000e+0 0.000e+0 0.000e+0 0.000e+0 0.000e+0 0.000e+0 0.000e+0 0.000e+0 0.000e+0 0.000e+0 0.000e+0 0.000e+0 0.000e+0 0.000e+0 0.000e+0 0.000e+0 0.000e+0 0.000e+0 0.000e+0 0.000e+0,0.44999999999999996
moat,3,5,9,0,2,-0.2,3000,7,0.0000022210995867243375,0.26962711873896616,0.17400320431333247,1.1212914415020745,0.11515832447338711,0.9999997352851151,0.41975308641975306,0.032958984375,1.3073019362162628e-7,0.0022655644959471873,2.495e-1 2.773e-1 2.773e-1 2.754e-1 2.740e-1 2.732e-1 2.727e-1 2.721e-1 2.717e-1 2.712e-1 2.709e-1 2.707e-1 2.705e-1 2.703e-1 2.702e-1 2.701e-1 2.700e-1 2.699e-1 2.698e-1 2.698e-1 2.697e-1 2.697e-1 2.697e-1 2.697e-1 2.697e-1 2.697e-1 2.696e-1 2.696e-1 2.696e-1 2.696e-1 2.696e-1 2.696e-1 2.696e-1 2.696e-1 2.696e-1 2.696e-1 2.696e-1 2.696e-1 2.696e-1 2.696e-1 2.696e-1 2.696e-1 2.696e-1 2.696e-1 2.696e-1 2.696e-1 2.696e-1 2.696e-1 2.696e-1 2.696e-1,0.44999999999999996
moat,3,5,9,0,2,-0.4,3000,7,0.0000013011107187194196,0.15917089513012506,0.10505840903245109,0.9772944120826976,0.09736681665495608,0.9999993554307718,0.4444444444444444,0.021484375,4.3509138946933535e-8,0.0005472613861949049,1.190e-1 1.496e-1 1.633e-1 1.633e-1 1.628e-1 1.623e-1 1.616e-1 1.611e-1 1.606e-1 1.603e-1 1.601e-1 1.599e-1 1.598e-1 1.596e-1 1.596e-1 1.595e-1 1.594e-1 1.594e-1 1.593e-1 1.593e-1 1.593e-1 1.592e-1 1.592e-1 1.592e-1 1.592e-1 1.592e-1 1.592e-1 1.592e-1 1.592e-1 1.592e-1 1.592e-1 1.592e-1 1.592e-1 1.592e-1 1.592e-1 1.592e-1 1.592e-1 1.592e-1 1.592e-1 1.592e-1 1.592e-1 1.592e-1 1.592e-1 1.592e-1 1.592e-1 1.592e-1 1.592e-1 1.592e-1 1.592e-1 1.592e-1,0.44999999999999996
moat,3,5,9,0,2,-0.6,3000,7,-6.6382640800082575e-9,0.028450712188522683,0.018658364075299253,0.6288251327268808,0.2084875115977135,0.9999999999954432,0.43209876543209874,0.004150390625,1.7360449877965294e-9,0.000026767420759221647,3.558e-2 2.819e-2 2.807e-2 2.821e-2 2.830e-2 2.836e-2 2.839e-2 2.841e-2 2.843e-2 2.843e-2 2.844e-2 2.844e-2 2.845e-2 2.845e-2 2.845e-2 2.845e-2 2.845e-2 2.845e-2 2.845e-2 2.845e-2 2.845e-2 2.845e-2 2.845e-2 2.845e-2 2.845e-2 2.845e-2 2.845e-2 2.845e-2 2.845e-2 2.845e-2 2.845e-2 2.845e-2 2.845e-2 2.845e-2 2.845e-2 2.845e-2 2.845e-2 2.845e-2 2.845e-2 2.845e-2 2.845e-2 2.845e-2 2.845e-2 2.845e-2 2.845e-2 2.845e-2 2.845e-2 2.845e-2 2.845e-2 2.845e-2,0.44999999999999996
moat,3,5,9,0,2,-0.8,3000,7,-0.6657799629702771,0,0,0,0,0,0.4567901234567901,0,0,0,5.794e-3 7.728e-26 1.484e-60 2.964e-95 5.955e-130 1.197e-164 2.405e-199 4.831e-234 9.701e-269 1.948e-303 0.000e+0 0.000e+0 0.000e+0 0.000e+0 0.000e+0 0.000e+0 0.000e+0 0.000e+0 0.000e+0 0.000e+0 0.000e+0 0.000e+0 0.000e+0 0.000e+0 0.000e+0 0.000e+0 0.000e+0 0.000e+0 0.000e+0 0.000e+0 0.000e+0 0.000e+0 0.000e+0 0.000e+0 0.000e+0 0.000e+0 0.000e+0 0.000e+0 0.000e+0 0.000e+0 0.000e+0 0.000e+0 0.000e+0 0.000e+0 0.000e+0 0.000e+0 0.000e+0 0.000e+0 0.000e+0 0.000e+0,0.44999999999999996
moat,3,5,9,0,2.1,-0.2,3000,7,-7.253126342784036e-7,0.3795030306553911,0.24217457449462879,1.4065192437055003,0.12184211662637859,0.9999996899326474,0.4444444444444444,0.042724609375,2.8173652625937216e-7,0.003465664146862729,3.676e-1 3.887e-1 3.893e-1 3.878e-1 3.869e-1 3.864e-1 3.859e-1 3.850e-1 3.841e-1 3.833e-1 3.826e-1 3.819e-1 3.814e-1 3.810e-1 3.806e-1 3.803e-1 3.801e-1 3.799e-1 3.798e-1 3.797e-1 3.797e-1 3.796e-1 3.796e-1 3.796e-1 3.796e-1 3.795e-1 3.795e-1 3.795e-1 3.795e-1 3.795e-1 3.795e-1 3.795e-1 3.795e-1 3.795e-1 3.795e-1 3.795e-1 3.795e-1 3.795e-1 3.795e-1 3.795e-1 3.795e-1 3.795e-1 3.795e-1 3.795e-1 3.795e-1 3.795e-1 3.795e-1 3.795e-1 3.795e-1 3.795e-1,0.44999999999999996
moat,3,5,9,0,2.1,-0.4,3000,7,0.000005036511028529832,0.2979430119122862,0.19398821424418877,1.2738737153328228,0.10975879663667792,0.999999773533853,0.3950617283950617,0.037841796875,7.332409767207179e-7,0.002322592910281317,2.306e-1 2.750e-1 2.908e-1 2.971e-1 3.020e-1 3.014e-1 3.005e-1 2.999e-1 2.994e-1 2.990e-1 2.988e-1 2.986e-1 2.984e-1 2.983e-1 2.983e-1 2.982e-1 2.981e-1 2.981e-1 2.981e-1 2.981e-1 2.980e-1 2.980e-1 2.980e-1 2.980e-1 2.980e-1 2.980e-1 2.980e-1 2.980e-1 2.980e-1 2.980e-1 2.980e-1 2.980e-1 2.979e-1 2.979e-1 2.979e-1 2.979e-1 2.979e-1 2.979e-1 2.979e-1 2.979e-1 2.979e-1 2.979e-1 2.979e-1 2.979e-1 2.979e-1 2.979e-1 2.979e-1 2.979e-1 2.979e-1 2.979e-1,0.44999999999999996
moat,3,5,9,0,2.1,-0.6,3000,7,-3.0475486487299393e-9,0.11481855027893817,0.07551542985480199,1.080463504260381,0.26852837743772323,0.9999999999686575,0.3950617283950617,0.014892578125,1.885575637215856e-9,0.0001277375671379111,1.042e-1 1.149e-1 1.163e-1 1.163e-1 1.160e-1 1.158e-1 1.155e-1 1.153e-1 1.152e-1 1.151e-1 1.150e-1 1.149e-1 1.149e-1 1.149e-1 1.149e-1 1.148e-1 1.148e-1 1.148e-1 1.148e-1 1.148e-1 1.148e-1 1.148e-1 1.148e-1 1.148e-1 1.148e-1 1.148e-1 1.148e-1 1.148e-1 1.148e-1 1.148e-1 1.148e-1 1.148e-1 1.148e-1 1.148e-1 1.148e-1 1.148e-1 1.148e-1 1.148e-1 1.148e-1 1.148e-1 1.148e-1 1.148e-1 1.148e-1 1.148e-1 1.148e-1 1.148e-1 1.148e-1 1.148e-1 1.148e-1 1.148e-1,0.44999999999999996
moat,3,5,9,0,2.1,-0.8,3000,7,-1.6173030906029333e-9,0.035510190929114754,0.02328307745350122,0.7438207230385322,0.211610346691108,0.9999999999999293,0.41975308641975306,0.00537109375,1.9950354205175573e-10,0.000025626762354767132,4.339e-2 3.651e-2 3.529e-2 3.539e-2 3.544e-2 3.547e-2 3.548e-2 3.549e-2 3.550e-2 3.550e-2 3.551e-2 3.551e-2 3.551e-2 3.551e-2 3.551e-2 3.551e-2 3.551e-2 3.551e-2 3.551e-2 3.551e-2 3.551e-2 3.551e-2 3.551e-2 3.551e-2 3.551e-2 3.551e-2 3.551e-2 3.551e-2 3.551e-2 3.551e-2 3.551e-2 3.551e-2 3.551e-2 3.551e-2 3.551e-2 3.551e-2 3.551e-2 3.551e-2 3.551e-2 3.551e-2 3.551e-2 3.551e-2 3.551e-2 3.551e-2 3.551e-2 3.551e-2 3.551e-2 3.551e-2 3.551e-2 3.551e-2,0.44999999999999996
moat,3,5,9,0,2.2,-0.2,3000,7,-0.0000010515070003280563,0.5022853193068483,0.31716073211720325,1.6713206804164762,0.12551628318620708,0.9999998548227597,0.4444444444444444,0.050537109375,3.2352772227441976e-7,0.004986834188815927,4.924e-1 5.096e-1 5.123e-1 5.133e-1 5.121e-1 5.111e-1 5.101e-1 5.087e-1 5.073e-1 5.061e-1 5.051e-1 5.045e-1 5.039e-1 5.035e-1 5.032e-1 5.030e-1 5.028e-1 5.027e-1 5.026e-1 5.025e-1 5.024e-1 5.024e-1 5.024e-1 5.024e-1 5.023e-1 5.023e-1 5.023e-1 5.023e-1 5.023e-1 5.023e-1 5.023e-1 5.023e-1 5.023e-1 5.023e-1 5.023e-1 5.023e-1 5.023e-1 5.023e-1 5.023e-1 5.023e-1 5.023e-1 5.023e-1 5.023e-1 5.023e-1 5.023e-1 5.023e-1 5.023e-1 5.023e-1 5.023e-1 5.023e-1,0.5013962041249428
moat,3,5,9,0,2.2,-0.4,3000,7,2.365078891969673e-7,0.4143479373783435,0.26657873822999434,1.5882455958887338,0.11706356393102049,0.999999974920294,0.4444444444444444,0.043212890625,2.0487054066280173e-7,0.003573355324796999,3.764e-1 4.242e-1 4.224e-1 4.191e-1 4.165e-1 4.151e-1 4.148e-1 4.154e-1 4.157e-1 4.156e-1 4.153e-1 4.151e-1 4.149e-1 4.148e-1 4.146e-1 4.146e-1 4.145e-1 4.145e-1 4.144e-1 4.144e-1 4.144e-1 4.144e-1 4.144e-1 4.144e-1 4.144e-1 4.144e-1 4.144e-1 4.144e-1 4.144e-1 4.143e-1 4.143e-1 4.143e-1 4.143e-1 4.143e-1 4.143e-1 4.143e-1 4.143e-1 4.143e-1 4.143e-1 4.143e-1 4.143e-1 4.143e-1 4.143e-1 4.143e-1 4.143e-1 4.143e-1 4.143e-1 4.143e-1 4.143e-1 4.143e-1,0.4764736787666201
moat,3,5,9,0,2.2,-0.6,3000,7,-3.755105385495425e-7,0.247880489417664,0.16295064708222104,1.3783076075128993,0.18070802194479885,0.9999999782105815,0.38271604938271603,0.02783203125,4.826655914364828e-8,0.0007574654977833402,1.856e-1 2.179e-1 2.320e-1 2.468e-1 2.510e-1 2.500e-1 2.494e-1 2.489e-1 2.486e-1 2.484e-1 2.482e-1 2.481e-1 2.480e-1 2.480e-1 2.479e-1 2.479e-1 2.479e-1 2.479e-1 2.479e-1 2.479e-1 2.479e-1 2.479e-1 2.479e-1 2.479e-1 2.479e-1 2.479e-1 2.479e-1 2.479e-1 2.479e-1 2.479e-1 2.479e-1 2.479e-1 2.479e-1 2.479e-1 2.479e-1 2.479e-1 2.479e-1 2.479e-1 2.479e-1 2.479e-1 2.479e-1 2.479e-1 2.479e-1 2.479e-1 2.479e-1 2.479e-1 2.479e-1 2.479e-1 2.479e-1 2.479e-1,0.44999999999999996
moat,3,5,9,0,2.2,-0.8,3000,7,-0.000002782565792467198,0.07792675565666242,0.050991141423933406,1.1398087147002003,0.26870366273433915,0.9999999377396638,0.3950617283950617,0.00927734375,1.5456994092685326e-7,0.00005085421287324354,1.076e-1 9.324e-2 8.425e-2 7.765e-2 7.750e-2 7.748e-2 7.751e-2 7.756e-2 7.761e-2 7.766e-2 7.771e-2 7.775e-2 7.779e-2 7.782e-2 7.784e-2 7.786e-2 7.787e-2 7.788e-2 7.789e-2 7.790e-2 7.790e-2 7.791e-2 7.791e-2 7.792e-2 7.792e-2 7.792e-2 7.792e-2 7.792e-2 7.792e-2 7.792e-2 7.792e-2 7.793e-2 7.793e-2 7.793e-2 7.793e-2 7.793e-2 7.793e-2 7.793e-2 7.793e-2 7.793e-2 7.793e-2 7.793e-2 7.793e-2 7.793e-2 7.793e-2 7.793e-2 7.793e-2 7.793e-2 7.793e-2 7.793e-2,0.44999999999999996
moat,3,5,9,0,2.4,-0.2,3000,7,-0.00016900859361036898,0.795690589505221,0.48992981499911614,2.233788855243993,0.13268946605949583,0.9987764419434046,0.41975308641975306,0.0625,0.00006148811690263294,0.015109154706541058,7.807e-1 7.918e-1 7.915e-1 7.958e-1 7.969e-1 7.965e-1 7.957e-1 7.947e-1 7.940e-1 7.938e-1 7.940e-1 7.946e-1 7.953e-1 7.958e-1 7.943e-1 7.849e-1 7.848e-1 7.901e-1 7.936e-1 7.950e-1 7.959e-1 7.960e-1 7.882e-1 7.837e-1 7.879e-1 7.926e-1 7.946e-1 7.956e-1 7.962e-1 7.916e-1 7.837e-1 7.861e-1 7.914e-1 7.941e-1 7.954e-1 7.961e-1 7.944e-1 7.850e-1 7.846e-1 7.900e-1 7.935e-1 7.951e-1 7.959e-1 7.959e-1 7.875e-1 7.837e-1 7.883e-1 7.928e-1 7.947e-1 7.957e-1,0.6701366565731979
moat,3,5,9,0,2.4,-0.4,3000,7,-0.000008869065786925143,0.6690195863067362,0.42122526090162693,2.178001515677499,0.12808416120076138,0.9999978851896085,0.41975308641975306,0.053955078125,3.623783023150774e-7,0.006612735099445797,6.654e-1 6.871e-1 6.940e-1 6.967e-1 6.946e-1 6.922e-1 6.898e-1 6.871e-1 6.848e-1 6.832e-1 6.820e-1 6.812e-1 6.804e-1 6.797e-1 6.788e-1 6.772e-1 6.719e-1 6.703e-1 6.697e-1 6.694e-1 6.692e-1 6.691e-1 6.690e-1 6.690e-1 6.690e-1 6.690e-1 6.690e-1 6.690e-1 6.690e-1 6.690e-1 6.690e-1 6.690e-1 6.690e-1 6.690e-1 6.690e-1 6.690e-1 6.690e-1 6.690e-1 6.690e-1 6.690e-1 6.690e-1 6.690e-1 6.690e-1 6.690e-1 6.690e-1 6.690e-1 6.690e-1 6.690e-1 6.690e-1 6.690e-1,0.6534004547032497
moat,3,5,9,0,2.4,-0.6,3000,7,2.439760145030597e-7,0.5809851929788701,0.3717915120012524,2.0922454887497883,0.11923049290823617,0.9999998562131834,0.4444444444444444,0.048583984375,3.344681171631878e-7,0.004978175424830623,4.813e-1 5.835e-1 5.864e-1 5.816e-1 5.777e-1 5.748e-1 5.734e-1 5.776e-1 5.842e-1 5.840e-1 5.834e-1 5.828e-1 5.823e-1 5.820e-1 5.817e-1 5.815e-1 5.813e-1 5.812e-1 5.812e-1 5.811e-1 5.811e-1 5.810e-1 5.810e-1 5.810e-1 5.810e-1 5.810e-1 5.810e-1 5.810e-1 5.810e-1 5.810e-1 5.810e-1 5.810e-1 5.810e-1 5.810e-1 5.810e-1 5.810e-1 5.810e-1 5.810e-1 5.810e-1 5.810e-1 5.810e-1 5.810e-1 5.810e-1 5.810e-1 5.810e-1 5.810e-1 5.810e-1 5.810e-1 5.810e-1 5.810e-1,0.6276736466249365
moat,3,5,9,0,2.4,-0.8,3000,7,1.950841991125006e-7,0.31688521237964373,0.2080653211326594,1.8223809697960922,0.23227923182160845,0.9999999998225247,0.37037037037037035,0.028564453125,4.829927251953686e-9,0.0007389974107549073,2.601e-1 2.628e-1 2.638e-1 2.921e-1 3.204e-1 3.196e-1 3.188e-1 3.182e-1 3.178e-1 3.175e-1 3.173e-1 3.172e-1 3.171e-1 3.170e-1 3.170e-1 3.169e-1 3.169e-1 3.169e-1 3.169e-1 3.169e-1 3.169e-1 3.169e-1 3.169e-1 3.169e-1 3.169e-1 3.169e-1 3.169e-1 3.169e-1 3.169e-1 3.169e-1 3.169e-1 3.169e-1 3.169e-1 3.169e-1 3.169e-1 3.169e-1 3.169e-1 3.169e-1 3.169e-1 3.169e-1 3.169e-1 3.169e-1 3.169e-1 3.169e-1 3.169e-1 3.169e-1 3.169e-1 3.169e-1 3.169e-1 3.169e-1,0.5467142909388276
moat,3,5,9,0,2.6,-0.2,3000,7,-0.000050408748072884904,1.1349548581569793,0.680867664983532,2.917726206637374,0.1450190896638148,0.9977849174017425,0.41975308641975306,0.0791015625,0.00040010384172687875,0.03132104800502882,1.109e+0 1.100e+0 1.092e+0 1.105e+0 1.119e+0 1.123e+0 1.125e+0 1.127e+0 1.129e+0 1.131e+0 1.133e+0 1.134e+0 1.124e+0 1.102e+0 1.113e+0 1.126e+0 1.129e+0 1.131e+0 1.130e+0 1.112e+0 1.105e+0 1.119e+0 1.118e+0 1.127e+0 1.117e+0 1.099e+0 1.114e+0 1.125e+0 1.129e+0 1.132e+0 1.132e+0 1.114e+0 1.103e+0 1.119e+0 1.128e+0 1.132e+0 1.135e+0 1.128e+0 1.107e+0 1.109e+0 1.125e+0 1.130e+0 1.133e+0 1.135e+0 1.120e+0 1.104e+0 1.116e+0 1.128e+0 1.132e+0 1.135e+0,0.8753178619912122
moat,3,5,9,0,2.6,-0.4,3000,7,0.0001588094504914082,0.9958320570487049,0.6138470581630653,2.723836386133852,0.13169383498755793,0.9974644169986246,0.4567901234567901,0.070556640625,0.0001490115024125877,0.020936966147232616,9.962e-1 1.009e+0 1.007e+0 1.012e+0 1.015e+0 1.016e+0 1.015e+0 1.013e+0 1.012e+0 1.011e+0 1.012e+0 1.013e+0 1.008e+0 9.978e-1 9.962e-1 1.000e+0 1.006e+0 1.009e+0 1.012e+0 1.009e+0 9.983e-1 9.958e-1 9.990e-1 1.005e+0 1.009e+0 1.012e+0 1.010e+0 9.985e-1 9.958e-1 9.988e-1 1.005e+0 1.009e+0 1.012e+0 1.010e+0 9.987e-1 9.958e-1 9.987e-1 1.005e+0 1.009e+0 1.012e+0 1.010e+0 9.989e-1 9.958e-1 9.985e-1 1.004e+0 1.009e+0 1.012e+0 1.010e+0 9.991e-1 9.958e-1,0.8171509158401555
moat,3,5,9,0,2.6,-0.6,3000,7,-0.0004463002960276816,0.8546768175049164,0.5361145707761655,2.69274404679412,0.12947996728378325,0.9999706372043183,0.4444444444444444,0.060791015625,8.744636651138216e-7,0.00856097521141101,8.564e-1 8.662e-1 8.961e-1 8.988e-1 8.950e-1 8.897e-1 8.840e-1 8.810e-1 8.795e-1 8.783e-1 8.770e-1 8.751e-1 8.717e-1 8.663e-1 8.603e-1 8.575e-1 8.629e-1 8.713e-1 8.730e-1 8.730e-1 8.713e-1 8.678e-1 8.627e-1 8.568e-1 8.525e-1 8.534e-1 8.539e-1 8.541e-1 8.543e-1 8.544e-1 8.545e-1 8.545e-1 8.546e-1 8.546e-1 8.546e-1 8.546e-1 8.547e-1 8.547e-1 8.547e-1 8.547e-1 8.547e-1 8.547e-1 8.547e-1 8.547e-1 8.547e-1 8.547e-1 8.547e-1 8.547e-1 8.547e-1 8.547e-1,0.807823214038236
moat,3,5,9,0,2.6,-0.8,3000,7,-5.437610315302642e-7,0.6630401934852905,0.4246247785595358,2.523195391810381,0.11902722515642654,0.9999996332919135,0.4444444444444444,0.045166015625,0.0000011083315538799254,0.0007068697578451187,5.015e-1 6.512e-1 6.884e-1 6.947e-1 6.918e-1 6.874e-1 6.829e-1 6.786e-1 6.751e-1 6.726e-1 6.706e-1 6.689e-1 6.675e-1 6.665e-1 6.656e-1 6.650e-1 6.645e-1 6.641e-1 6.639e-1 6.637e-1 6.635e-1 6.634e-1 6.633e-1 6.633e-1 6.632e-1 6.632e-1 6.632e-1 6.631e-1 6.631e-1 6.631e-1 6.631e-1 6.631e-1 6.631e-1 6.631e-1 6.631e-1 6.631e-1 6.631e-1 6.631e-1 6.630e-1 6.630e-1 6.630e-1 6.630e-1 6.630e-1 6.630e-1 6.630e-1 6.630e-1 6.630e-1 6.630e-1 6.630e-1 6.630e-1,0.7569586175431142
moat,3,5,9,0,3,-0.2,3000,7,-0.00023669832341536635,1.827144801104125,1.0430173660731548,4.391953398412397,0.13864165963829025,0.9870022139108382,0.41975308641975306,0.108154296875,0.003649308094849911,0.05585252218789465,1.866e+0 1.830e+0 1.808e+0 1.812e+0 1.848e+0 1.852e+0 1.858e+0 1.867e+0 1.885e+0 1.888e+0 1.845e+0 1.839e+0 1.876e+0 1.889e+0 1.893e+0 1.879e+0 1.840e+0 1.862e+0 1.885e+0 1.886e+0 1.873e+0 1.858e+0 1.850e+0 1.863e+0 1.924e+0 1.942e+0 1.922e+0 1.908e+0 1.905e+0 1.871e+0 1.841e+0 1.816e+0 1.801e+0 1.794e+0 1.788e+0 1.785e+0 1.809e+0 1.805e+0 1.879e+0 1.865e+0 1.861e+0 1.857e+0 1.884e+0 1.940e+0 1.932e+0 1.909e+0 1.909e+0 1.886e+0 1.854e+0 1.827e+0,1.3175860195237192
moat,3,5,9,0,3,-0.4,3000,7,0.0036124889478997045,1.7989851073414458,1.026875293258191,4.20757941124119,0.12191055010102404,0.9865078463036935,0.41975308641975306,0.112060546875,1.0851899022148421,0.01914418580442555,1.734e+0 1.700e+0 1.691e+0 1.685e+0 1.720e+0 1.733e+0 1.748e+0 1.761e+0 1.775e+0 1.763e+0 1.732e+0 1.708e+0 1.735e+0 1.758e+0 1.752e+0 1.722e+0 1.705e+0 1.741e+0 1.748e+0 1.749e+0 1.748e+0 1.742e+0 1.711e+0 1.698e+0 1.722e+0 1.724e+0 1.725e+0 1.723e+0 1.718e+0 1.703e+0 1.653e+0 1.650e+0 1.668e+0 1.753e+0 1.760e+0 1.749e+0 1.727e+0 1.700e+0 1.732e+0 1.738e+0 1.753e+0 1.771e+0 1.765e+0 1.738e+0 1.722e+0 1.732e+0 1.749e+0 1.763e+0 1.778e+0 1.799e+0,1.2622738233723572
moat,3,5,9,0,3,-0.6,3000,7,-0.00013719817593726172,1.6124905667570737,0.9651990910628608,3.900637522184096,0.14205312133691242,0.9999439014950111,0.43209876543209874,0.092529296875,0.00039919604526642054,0.05066717795108888,1.586e+0 1.582e+0 1.561e+0 1.579e+0 1.603e+0 1.614e+0 1.618e+0 1.622e+0 1.625e+0 1.629e+0 1.633e+0 1.631e+0 1.622e+0 1.610e+0 1.598e+0 1.583e+0 1.568e+0 1.577e+0 1.586e+0 1.610e+0 1.631e+0 1.638e+0 1.638e+0 1.630e+0 1.618e+0 1.606e+0 1.594e+0 1.593e+0 1.578e+0 1.578e+0 1.580e+0 1.593e+0 1.622e+0 1.638e+0 1.640e+0 1.634e+0 1.623e+0 1.611e+0 1.598e+0 1.597e+0 1.580e+0 1.579e+0 1.580e+0 1.589e+0 1.618e+0 1.637e+0 1.640e+0 1.636e+0 1.625e+0 1.612e+0,1.1701912566552288
moat,3,5,9,0,3,-0.8,3000,7,-0.00009505787003415656,1.49742205064913,0.9108301719880175,3.9817829538807783,0.1306513228834924,0.993588800539312,0.41975308641975306,0.086181640625,0.00015225582108486136,0.04108012681942579,1.448e+0 1.476e+0 1.472e+0 1.480e+0 1.487e+0 1.492e+0 1.494e+0 1.497e+0 1.501e+0 1.504e+0 1.503e+0 1.501e+0 1.498e+0 1.496e+0 1.494e+0 1.492e+0 1.491e+0 1.490e+0 1.489e+0 1.489e+0 1.488e+0 1.487e+0 1.485e+0 1.479e+0 1.469e+0 1.459e+0 1.452e+0 1.445e+0 1.450e+0 1.439e+0 1.441e+0 1.446e+0 1.447e+0 1.445e+0 1.445e+0 1.444e+0 1.443e+0 1.439e+0 1.432e+0 1.450e+0 1.481e+0 1.489e+0 1.491e+0 1.493e+0 1.495e+0 1.497e+0 1.499e+0 1.499e+0 1.499e+0 1.497e+0,1.1945348861642335
moat,3,5,9,0,3.5,-0.2,3000,7,-0.0007549754091570862,2.8581220394719673,1.5711111212493922,5.854274260466934,0.13317643773343452,0.9678931617523004,0.3950617283950617,0.1533203125,0.005117988726133072,0.09005404298974996,2.932e+0 2.881e+0 2.782e+0 2.811e+0 2.907e+0 2.828e+0 2.745e+0 2.698e+0 2.774e+0 2.864e+0 2.877e+0 2.906e+0 2.929e+0 2.901e+0 2.862e+0 2.885e+0 2.855e+0 2.791e+0 2.851e+0 2.885e+0 2.859e+0 2.853e+0 2.868e+0 2.853e+0 2.890e+0 3.059e+0 3.029e+0 2.979e+0 2.991e+0 2.991e+0 2.997e+0 3.039e+0 3.055e+0 3.030e+0 2.926e+0 2.828e+0 2.863e+0 2.872e+0 2.826e+0 2.809e+0 2.838e+0 2.935e+0 2.930e+0 2.919e+0 2.902e+0 2.900e+0 2.893e+0 2.926e+0 2.889e+0 2.858e+0,1.7562822781400802
moat,3,5,9,0,3.5,-0.4,3000,7,0.004805391171827162,2.7078196629327094,1.5006179934340729,5.796095756132157,0.14595228639987087,0.9760932139755771,0.4567901234567901,0.151123046875,2.7682848595381535,0.14219496829653624,2.796e+0 2.752e+0 2.688e+0 2.748e+0 2.799e+0 2.788e+0 2.751e+0 2.761e+0 2.755e+0 2.769e+0 2.796e+0 2.764e+0 2.744e+0 2.777e+0 2.746e+0 2.716e+0 2.695e+0 2.690e+0 2.772e+0 2.773e+0 2.716e+0 2.688e+0 2.719e+0 2.716e+0 2.762e+0 2.798e+0 2.806e+0 2.771e+0 2.865e+0 2.883e+0 2.853e+0 2.819e+0 2.803e+0 2.823e+0 2.838e+0 2.831e+0 2.818e+0 2.803e+0 2.791e+0 2.838e+0 2.798e+0 2.788e+0 2.775e+0 2.811e+0 2.818e+0 2.761e+0 2.721e+0 2.742e+0 2.685e+0 2.708e+0,1.7388287268396472
moat,3,5,9,0,3.5,-0.6,3000,7,0.0008357977693550008,2.667633280927777,1.5089178144710498,5.5508399343906945,0.1572295580491752,0.9926136345279599,0.43209876543209874,0.138671875,0.045055657229437975,0.10747890766730996,2.648e+0 2.602e+0 2.580e+0 2.564e+0 2.611e+0 2.665e+0 2.672e+0 2.686e+0 2.661e+0 2.647e+0 2.629e+0 2.618e+0 2.673e+0 2.704e+0 2.691e+0 2.652e+0 2.635e+0 2.639e+0 2.667e+0 2.687e+0 2.703e+0 2.705e+0 2.665e+0 2.646e+0 2.658e+0 2.633e+0 2.678e+0 2.692e+0 2.704e+0 2.699e+0 2.658e+0 2.656e+0 2.667e+0 2.629e+0 2.670e+0 2.685e+0 2.702e+0 2.703e+0 2.681e+0 2.661e+0 2.690e+0 2.667e+0 2.641e+0 2.676e+0 2.670e+0 2.653e+0 2.703e+0 2.696e+0 2.684e+0 2.668e+0,1.6652519803172083
moat,3,5,9,0,3.5,-0.8,3000,7,0.0007728638264722733,2.5162740444828287,1.4336047383222998,5.44415461530288,0.14165334149185851,0.9761686895534073,0.4444444444444444,0.131103515625,0.005084706004183957,0.042323959394504486,2.444e+0 2.437e+0 2.423e+0 2.396e+0 2.449e+0 2.479e+0 2.506e+0 2.548e+0 2.554e+0 2.521e+0 2.489e+0 2.465e+0 2.471e+0 2.510e+0 2.553e+0 2.548e+0 2.519e+0 2.478e+0 2.492e+0 2.517e+0 2.521e+0 2.519e+0 2.516e+0 2.522e+0 2.570e+0 2.585e+0 2.571e+0 2.544e+0 2.526e+0 2.582e+0 2.610e+0 2.552e+0 2.502e+0 2.492e+0 2.506e+0 2.508e+0 2.522e+0 2.536e+0 2.520e+0 2.493e+0 2.478e+0 2.459e+0 2.482e+0 2.535e+0 2.538e+0 2.537e+0 2.532e+0 2.526e+0 2.521e+0 2.516e+0,1.633246384590864
moat,3,5,9,0,4,-0.2,3000,7,0.0007452884705181109,4.16345329455983,2.1963159295272034,7.5276878709633035,0.16926898141713806,0.9871011008093543,0.3950617283950617,0.223876953125,0.045471741402728715,0.1788863305666729,4.115e+0 3.921e+0 3.809e+0 3.948e+0 3.987e+0 3.911e+0 4.108e+0 4.066e+0 4.066e+0 4.006e+0 4.083e+0 4.009e+0 3.999e+0 3.868e+0 4.051e+0 4.016e+0 4.094e+0 4.090e+0 4.068e+0 4.046e+0 4.033e+0 4.065e+0 4.169e+0 4.119e+0 4.054e+0 4.034e+0 4.080e+0 4.106e+0 4.114e+0 4.067e+0 4.048e+0 4.081e+0 4.024e+0 4.154e+0 4.084e+0 4.031e+0 4.037e+0 4.067e+0 4.136e+0 4.093e+0 4.058e+0 4.040e+0 4.100e+0 4.052e+0 4.134e+0 4.094e+0 4.017e+0 4.040e+0 4.047e+0 4.163e+0,2.258306361288991
moat,3,5,9,0,4,-0.4,3000,7,0.0034092171750344444,3.9008734591955125,2.0807002543523954,7.0280809065524394,0.1305471125191145,0.9806209252703435,0.48148148148148145,0.209228515625,3.617994481274768,0.1789379480722827,3.953e+0 3.813e+0 3.681e+0 3.851e+0 3.893e+0 3.984e+0 3.910e+0 3.985e+0 3.977e+0 3.860e+0 3.870e+0 3.887e+0 3.883e+0 3.780e+0 3.885e+0 3.914e+0 4.023e+0 3.994e+0 3.908e+0 3.950e+0 3.880e+0 3.859e+0 3.936e+0 3.972e+0 3.972e+0 3.941e+0 3.940e+0 3.965e+0 3.959e+0 4.001e+0 3.978e+0 3.929e+0 3.918e+0 3.944e+0 3.909e+0 3.993e+0 3.942e+0 3.902e+0 3.964e+0 3.967e+0 4.020e+0 3.934e+0 3.911e+0 3.950e+0 3.974e+0 3.981e+0 3.977e+0 3.935e+0 3.906e+0 3.901e+0,2.1084242719657316
moat,3,5,9,0,4,-0.6,3000,7,0.003206649645326065,3.9358462556367413,2.0570463265208687,6.399923851762063,0.1543289690460756,0.9751393693764725,0.3950617283950617,0.22265625,0.015340730519559868,0.2337873177767313,3.796e+0 3.753e+0 3.668e+0 3.602e+0 3.734e+0 3.807e+0 3.859e+0 3.696e+0 3.756e+0 3.796e+0 3.831e+0 3.786e+0 3.801e+0 3.832e+0 3.832e+0 3.699e+0 3.679e+0 3.758e+0 3.745e+0 3.783e+0 3.759e+0 3.735e+0 3.694e+0 3.697e+0 3.670e+0 3.807e+0 3.731e+0 3.738e+0 3.671e+0 3.615e+0 3.610e+0 3.586e+0 3.624e+0 3.654e+0 3.650e+0 3.781e+0 3.853e+0 3.795e+0 3.729e+0 3.687e+0 3.856e+0 3.803e+0 3.740e+0 3.807e+0 3.884e+0 3.888e+0 3.923e+0 3.928e+0 3.928e+0 3.936e+0,1.9199771555286187
moat,3,5,9,0,4,-0.8,3000,7,0.0024899782280185493,3.7395280989328343,1.9749266781049553,7.156205752022869,0.14951780451451427,0.9669094803506875,0.38271604938271603,0.21044921875,0.03383409486579674,0.13599055917918135,3.632e+0 3.576e+0 3.489e+0 3.544e+0 3.726e+0 3.688e+0 3.646e+0 3.643e+0 3.645e+0 3.631e+0 3.630e+0 3.675e+0 3.654e+0 3.645e+0 3.706e+0 3.638e+0 3.576e+0 3.547e+0 3.561e+0 3.593e+0 3.625e+0 3.653e+0 3.692e+0 3.710e+0 3.690e+0 3.621e+0 3.583e+0 3.627e+0 3.606e+0 3.578e+0 3.557e+0 3.524e+0 3.480e+0 3.567e+0 3.629e+0 3.668e+0 3.654e+0 3.661e+0 3.707e+0 3.743e+0 3.698e+0 3.648e+0 3.630e+0 3.705e+0 3.710e+0 3.637e+0 3.736e+0 3.722e+0 3.735e+0 3.740e+0,2.1468617256068607
