mask,cellPx,pitchPx,cells,kerr,G0,s,T,seed,lyapunov,energy_final_rel,mean_cell_I,max_cell_I,pattern_corr_T_vs_0,pattern_corr_T_vs_half,ber,fill_fraction,input_response,pulse_cell_final_I,thr,class,analytic
zero,2.0,4.0,12.0,0.0,1.6,-0.2,3000.0,7.0,-0.0664010330142163,1.6866423140586554e-171,2.4720771760949384e-172,5.089288954815676e-171,0.0,0.0,0.4305555555555556,0.0,1.7101452083132912e-92,5.206481649356082e-94,0.44999999999999996,extinct (trivial attractor),monostable-off
zero,2.0,4.0,12.0,0.0,1.6,-0.4,3000.0,7.0,-0.2102402033707312,0.0,0.0,0.0,0.0,0.0,0.4305555555555556,0.0,0.0,2.368837692635682e-281,0.44999999999999996,extinct (trivial attractor),monostable-off
zero,2.0,4.0,12.0,0.0,1.6,-0.6,3000.0,7.0,-0.4129703047388126,0.0,0.0,0.0,0.0,0.0,0.4305555555555556,0.0,0.0,0.0,0.44999999999999996,extinct (trivial attractor),monostable-off
zero,2.0,4.0,12.0,0.0,1.6,-0.8,3000.0,7.0,-0.759541521189198,0.0,0.0,0.0,0.0,0.0,0.4305555555555556,0.0,0.0,0.0,0.44999999999999996,extinct (trivial attractor),monostable-off
zero,2.0,4.0,12.0,0.0,1.8,-0.2,3000.0,7.0,0.0005228207791270232,4.307665241490856,0.7087698656055884,1.2314064727189136,-0.04862349756708139,0.9598604399796583,0.5763888888888888,0.434814453125,0.001250297884953138,0.11596410784132538,0.44999999999999996,saturated/lasing everywhere,bistable
zero,2.0,4.0,12.0,0.0,1.8,-0.4,3000.0,7.0,-0.0001329362723136384,3.4546036336505996,0.5748843730755229,1.0291400899908274,-0.05196932319155741,0.9540072144006901,0.5625,0.390625,0.0004951734872483777,0.045641006646381585,0.44999999999999996,saturated/lasing everywhere,bistable
zero,2.0,4.0,12.0,0.0,1.8,-0.6,3000.0,7.0,-0.35407511920245666,0.0,0.0,0.0,0.0,0.0,0.4305555555555556,0.0,0.0,0.0,0.44999999999999996,extinct (trivial attractor),bistable
zero,2.0,4.0,12.0,0.0,1.8,-0.8,3000.0,7.0,-0.7006488365979381,0.0,0.0,0.0,0.0,0.0,0.4305555555555556,0.0,0.0,0.0,0.44999999999999996,extinct (trivial attractor),monostable-off
zero,2.0,4.0,12.0,0.0,1.9,-0.2,3000.0,7.0,-0.00027314052421828283,6.423556766250567,0.9627925879102095,1.5468344653031845,-0.07453572783640665,0.9141012562333414,0.5833333333333334,0.5322265625,0.0034527422154704687,0.22258719382845032,0.4640503395909553,saturated/lasing everywhere,off-unstable
zero,2.0,4.0,12.0,0.0,1.9,-0.4,3000.0,7.0,-0.00013219897385188494,5.406603722740038,0.8819151689768742,1.4310338219528753,-0.057755754851852574,0.9904314451596118,0.5555555555555556,0.447509765625,0.0008139684162367676,0.13493505198399464,0.44999999999999996,saturated/lasing everywhere,bistable
zero,2.0,4.0,12.0,0.0,1.9,-0.6,3000.0,7.0,0.001702112012792061,2.1488313187588637,0.36617673991780453,1.2546914398646427,0.027790928532132057,0.6585547008895313,0.4583333333333333,0.196044921875,0.004788938479867108,0.0008480821693195112,0.44999999999999996,chaotic/expanding,bistable
zero,2.0,4.0,12.0,0.0,1.9,-0.8,3000.0,7.0,-0.6736150085211688,0.0,0.0,0.0,0.0,0.0,0.4305555555555556,0.0,0.0,0.0,0.44999999999999996,extinct (trivial attractor),bistable
zero,2.0,4.0,12.0,0.0,2.0,-0.2,3000.0,7.0,0.002633689646395175,8.598596209910477,1.2086065288612395,2.1155103630296765,-0.03248248412292981,0.8845592250888807,0.5694444444444444,0.62841796875,0.02282372387776671,0.43678072163330933,0.6346531089089029,saturated/lasing everywhere,off-unstable
zero,2.0,4.0,12.0,0.0,2.0,-0.4,3000.0,7.0,0.0001824942340885406,7.16496482766813,1.174544314910425,1.8529713384114104,-0.05928722609568078,0.9783051649452648,0.5833333333333334,0.4697265625,0.0008926647433762462,0.20997621838581965,0.5558914015234231,saturated/lasing everywhere,bistable
zero,2.0,4.0,12.0,0.0,2.0,-0.6,3000.0,7.0,-0.00015597072154521964,6.478779329327927,1.0625121796358559,1.7458082122381111,-0.05529667251595725,0.9921822178889738,0.5555555555555556,0.4521484375,0.00023133078175883022,0.1380729847449207,0.5237424636714333,saturated/lasing everywhere,bistable
zero,2.0,4.0,12.0,0.0,2.0,-0.8,3000.0,7.0,0.0016768749626190568,0.2935809035377686,0.06375182419597683,1.385790082641963,0.2545283206655868,0.9413881659517972,0.3819444444444444,0.026123046875,0.00021551863119510732,4.3729882512425624e-06,0.44999999999999996,chaotic/expanding,bistable
zero,2.0,4.0,12.0,0.0,2.1,-0.2,3000.0,7.0,0.001719451843578836,10.715485620692037,1.462274034476382,2.5456000047979805,-0.030776008501451617,0.9127204806551705,0.5763888888888888,0.679931640625,0.009406369183904608,0.5032428351782553,0.7636800014393942,saturated/lasing everywhere,off-unstable
zero,2.0,4.0,12.0,0.0,2.1,-0.4,3000.0,7.0,0.0005904510056071309,10.136849883579854,1.4493376693151363,2.257688662977022,-0.04076661817389926,0.9453810741679013,0.5902777777777778,0.654052734375,0.004982349645651,0.4261152244447357,0.6773065988931066,saturated/lasing everywhere,bistable
zero,2.0,4.0,12.0,0.0,2.1,-0.6,3000.0,7.0,0.0002960734236069837,8.28110241076765,1.3514015479389612,2.1815571433537433,-0.05668193070876294,0.987470723284023,0.5833333333333334,0.474853515625,0.0051350393544644796,0.2288218872136717,0.654467143006123,saturated/lasing everywhere,bistable
zero,2.0,4.0,12.0,0.0,2.1,-0.8,3000.0,7.0,-3.56579061804873e-05,7.590821989934248,1.2389411809194373,2.030180126414078,-0.032611947108795676,0.9909938807704516,0.5555555555555556,0.456298828125,0.00022501617417324018,0.14486495007379968,0.6090540379242234,saturated/lasing everywhere,bistable
zero,2.0,4.0,12.0,0.0,2.2,-0.2,3000.0,7.0,0.0015665581259615999,12.877611588437196,1.7306136942280579,2.8300809198743466,-0.0886449729172384,0.9386283859312184,0.5972222222222222,0.70849609375,0.012583115051745662,0.5141365804399798,0.849024275962304,saturated/lasing everywhere,off-unstable
zero,2.0,4.0,12.0,0.0,2.2,-0.4,3000.0,7.0,0.0013838889478938684,12.325013696126396,1.701129528482963,2.787860553854865,-0.05882283629178064,0.9444282441370164,0.5902777777777778,0.689453125,0.015015165090702866,0.534847548542027,0.8363581661564594,saturated/lasing everywhere,bistable
zero,2.0,4.0,12.0,0.0,2.2,-0.6,3000.0,7.0,6.212479029377822e-05,11.107775093260345,1.6395052431201809,2.6295750763456365,-0.09025029951579512,0.9662741059826062,0.5902777777777778,0.6005859375,0.0003886419897419837,0.3497498820898252,0.7888725229036909,saturated/lasing everywhere,bistable
zero,2.0,4.0,12.0,0.0,2.2,-0.8,3000.0,7.0,-0.0002476813390596269,9.431206615530115,1.5419854677697513,2.5027906245716336,-0.057068239269560075,0.9882397825715759,0.5833333333333334,0.478515625,0.0005520669169731948,0.26215447044040385,0.7508371873714901,saturated/lasing everywhere,bistable
zero,2.0,4.0,12.0,0.0,2.4,-0.2,3000.0,7.0,0.0012747221640802555,17.146442248009755,2.28444908955931,3.8865603300410645,-0.048363587283286345,0.9179789728847125,0.5902777777777778,0.7568359375,0.005495611036639053,0.8776765740191087,1.1659680990123193,saturated/lasing everywhere,off-unstable
zero,2.0,4.0,12.0,0.0,2.4,-0.4,3000.0,7.0,-3.469105017787933e-07,16.56318682621674,2.2025265112416026,3.788647623815464,-0.09245425092367326,0.9188113514971995,0.6041666666666666,0.74853515625,0.0015730122743174962,0.6068023512078469,1.136594287144639,saturated/lasing everywhere,bistable
zero,2.0,4.0,12.0,0.0,2.4,-0.6,3000.0,7.0,0.0009652372051171779,16.176062389241412,2.1778085812423043,3.6259340813148286,-0.044972966166194624,0.9593340173460926,0.6111111111111112,0.736572265625,0.010022854477659701,0.6688966504567851,1.0877802243944485,saturated/lasing everywhere,bistable
zero,2.0,4.0,12.0,0.0,2.4,-0.8,3000.0,7.0,0.0005337189395955901,15.70402439464003,2.1428642899488026,3.3437526524402807,-0.08175163765546473,0.9753099196368651,0.5902777777777778,0.720458984375,0.0004098332386698004,0.6436538478577687,1.0031257957320843,saturated/lasing everywhere,bistable
zero,2.0,4.0,12.0,0.0,2.6,-0.2,3000.0,7.0,0.000695948312821432,21.53486596823659,2.789622909267786,4.4331698379060525,-0.061092829404936426,0.9459692409287023,0.5694444444444444,0.776123046875,0.0025442169283354343,1.0974318430743943,1.3299509513718157,saturated/lasing everywhere,off-unstable
zero,2.0,4.0,12.0,0.0,2.6,-0.4,3000.0,7.0,0.0005187319732154986,20.898727757412964,2.7521111205665987,4.535027811537385,-0.07900612157601272,0.9379627976752338,0.5763888888888888,0.7734375,0.08489992017446235,0.832211088286199,1.3605083434612155,saturated/lasing everywhere,off-unstable
zero,2.0,4.0,12.0,0.0,2.6,-0.6,3000.0,7.0,-0.00019390389616013063,20.514477814492366,2.6595683765781413,4.480021651362282,-0.005833616378301109,0.9295472138602964,0.5763888888888888,0.769775390625,0.0018293158889922541,0.8261939970240755,1.3440064954086846,saturated/lasing everywhere,bistable
zero,2.0,4.0,12.0,0.0,2.6,-0.8,3000.0,7.0,0.0003060048332588214,20.133006924773877,2.6647468828171714,4.267109675930681,-0.05585780568044837,0.9811041284046277,0.5902777777777778,0.761474609375,0.0012595846724070656,0.988955720080255,1.280132902779204,saturated/lasing everywhere,bistable
zero,2.0,4.0,12.0,0.0,3.0,-0.2,3000.0,7.0,0.00426030416756653,29.97427779035408,3.7407413354104246,6.1412083683117835,-0.0764447842042819,0.9396146472925913,0.5694444444444444,0.790771484375,0.13460576672288355,1.2516139392445744,1.842362510493535,saturated/lasing everywhere,off-unstable
zero,2.0,4.0,12.0,0.0,3.0,-0.4,3000.0,7.0,0.0014170209003599031,29.59564515454052,3.7540141185648577,6.536242446634429,-0.04197957672938517,0.922845543802328,0.5694444444444444,0.79052734375,0.007960019782886357,1.3653854842042374,1.9608727339903285,saturated/lasing everywhere,off-unstable
zero,2.0,4.0,12.0,0.0,3.0,-0.6,3000.0,7.0,0.00043559711221644346,29.156073727099304,3.7165802291838617,6.047717605337937,-0.04575214468178791,0.9346114720852858,0.5694444444444444,0.78759765625,0.002440999545036145,1.746695426463347,1.814315281601381,saturated/lasing everywhere,bistable
zero,2.0,4.0,12.0,0.0,3.0,-0.8,3000.0,7.0,0.00048777990460123727,28.87332197106833,3.6515889124806873,5.887293468392696,-0.058702354054917076,0.952112661095026,0.5694444444444444,0.78515625,0.005083464380287888,1.508804002904934,1.7661880405178088,saturated/lasing everywhere,bistable
zero,2.0,4.0,12.0,0.0,3.5,-0.2,3000.0,7.0,0.0014759277436835264,40.90827772391352,5.102036707220827,8.580327518775922,-0.03489888567848178,0.9028023622332755,0.5694444444444444,0.804443359375,0.015106583947984724,1.962652492569444,2.5740982556327765,saturated/lasing everywhere,off-unstable
zero,2.0,4.0,12.0,0.0,3.5,-0.4,3000.0,7.0,0.0014844192451218038,40.52491610152829,5.088636898031265,8.469754043839512,-0.10334962078789854,0.9142915986654523,0.5694444444444444,0.800537109375,0.05865421691649306,2.2463421300007695,2.5409262131518533,saturated/lasing everywhere,off-unstable
zero,2.0,4.0,12.0,0.0,3.5,-0.6,3000.0,7.0,0.0009567015102705199,40.10905312672867,5.009404483329004,8.142630260749046,-0.03151452112166335,0.9052834272970028,0.5694444444444444,0.80126953125,0.04351696217567033,1.9881812016884775,2.4427890782247137,saturated/lasing everywhere,bistable
zero,2.0,4.0,12.0,0.0,3.5,-0.8,3000.0,7.0,0.001589648304442,39.850100985748014,5.006277066764101,8.432689675223779,-0.07086380731966338,0.9214555417923171,0.5694444444444444,0.802978515625,0.008786566467970897,2.5335820522015537,2.5298069025671337,saturated/lasing everywhere,bistable
zero,2.0,4.0,12.0,0.0,4.0,-0.2,3000.0,7.0,0.0011878758343267664,51.95497967807472,6.259829910165315,10.355145188826615,-0.10640407217546846,0.9460873591549747,0.5694444444444444,0.81005859375,0.0069933052835090105,1.7752085785605025,3.1065435566479844,saturated/lasing everywhere,off-unstable
zero,2.0,4.0,12.0,0.0,4.0,-0.4,3000.0,7.0,0.0022585596707193597,51.453785964746274,6.429997423252163,10.682672811199918,-0.06261058202775317,0.8975849946968973,0.5694444444444444,0.807373046875,0.38346648712841913,2.0077525800741873,3.2048018433599754,saturated/lasing everywhere,off-unstable
zero,2.0,4.0,12.0,0.0,4.0,-0.6,3000.0,7.0,0.0012266746417073726,50.988151068495796,6.219116875364537,10.470081508635625,-0.048653344669293226,0.8782635582978456,0.5694444444444444,0.806884765625,0.009129683888873339,2.5026558852396388,3.1410244525906874,saturated/lasing everywhere,off-unstable
zero,2.0,4.0,12.0,0.0,4.0,-0.8,3000.0,7.0,0.0013687275156656095,50.92593292349914,6.354933142416801,10.506695062132486,-0.0877149752764622,0.911549649596422,0.5694444444444444,0.80615234375,0.007399438354054786,2.035017703397292,3.1520085186397457,saturated/lasing everywhere,bistable
moat,4.0,6.0,8.0,0.0,1.6,-0.2,3000.0,7.0,-0.06668605899366206,1.8284065514342712e-173,1.456542007312575e-173,2.1922578126759622e-172,0.0,0.0,0.53125,0.0,2.3034082475693237e-95,1.323744942760283e-100,0.44999999999999996,extinct (trivial attractor),monostable-off
moat,4.0,6.0,8.0,0.0,1.6,-0.4,3000.0,7.0,-0.2105271057403891,0.0,0.0,0.0,0.0,0.0,0.53125,0.0,0.0,6.284346208625616e-288,0.44999999999999996,extinct (trivial attractor),monostable-off
moat,4.0,6.0,8.0,0.0,1.6,-0.6,3000.0,7.0,-0.4132596473077382,0.0,0.0,0.0,0.0,0.0,0.53125,0.0,0.0,0.0,0.44999999999999996,extinct (trivial attractor),monostable-off
moat,4.0,6.0,8.0,0.0,1.6,-0.8,3000.0,7.0,-0.7598332357052976,0.0,0.0,0.0,0.0,0.0,0.53125,0.0,0.0,0.0,0.44999999999999996,extinct (trivial attractor),monostable-off
moat,4.0,6.0,8.0,0.0,1.8,-0.2,3000.0,7.0,0.00024957435629481534,0.1522080708643491,0.11955611518288622,0.5677446646538318,-0.13172749612109771,0.9995259667107177,0.59375,0.032958984375,4.0852501108780435e-05,0.00031037248883783344,0.44999999999999996,near-critical,bistable
moat,4.0,6.0,8.0,0.0,1.8,-0.4,3000.0,7.0,-2.439597864426483e-05,0.018439931672076137,0.014526156939759456,0.3225996161553207,0.23329265260253979,0.9997380216552425,0.53125,0.004150390625,5.729664610970372e-06,7.642652777032043e-06,0.44999999999999996,near-critical,bistable
moat,4.0,6.0,8.0,0.0,1.8,-0.6,3000.0,7.0,-0.3543682308267367,0.0,0.0,0.0,0.0,0.0,0.53125,0.0,0.0,0.0,0.44999999999999996,extinct (trivial attractor),bistable
moat,4.0,6.0,8.0,0.0,1.8,-0.8,3000.0,7.0,-0.7009417660335773,0.0,0.0,0.0,0.0,0.0,0.53125,0.0,0.0,0.0,0.44999999999999996,extinct (trivial attractor),monostable-off
moat,4.0,6.0,8.0,0.0,1.9,-0.2,3000.0,7.0,-0.00015332767591412562,0.27920443970919323,0.21675242826525637,0.8046194233201507,-0.10758759600516045,0.9999866810262478,0.5625,0.05078125,1.0248939422111923e-05,0.0021899351071959197,0.44999999999999996,near-critical,off-unstable
moat,4.0,6.0,8.0,0.0,1.9,-0.4,3000.0,7.0,5.109853168237886e-05,0.16932292977342522,0.13343278359429891,0.6872259910590071,-0.11780480293226213,0.9997734399343997,0.578125,0.0341796875,1.0444330998811664e-05,0.0002244059106163681,0.44999999999999996,near-critical,bistable
moat,4.0,6.0,8.0,0.0,1.9,-0.6,3000.0,7.0,-8.424641513902535e-12,0.013830491475831735,0.010927130139795668,0.4001889532057883,0.1660462140539649,0.9999999999999947,0.53125,0.003173828125,1.0854253583650261e-11,1.196500971894994e-05,0.44999999999999996,near-critical,bistable
moat,4.0,6.0,8.0,0.0,1.9,-0.8,3000.0,7.0,-0.6739082282373975,0.0,0.0,0.0,0.0,0.0,0.53125,0.0,0.0,0.0,0.44999999999999996,extinct (trivial attractor),bistable
moat,4.0,6.0,8.0,0.0,2.0,-0.2,3000.0,7.0,-0.00013806521767987276,0.41148046013785444,0.31663906213829146,1.046487055264103,-0.08614850388885553,0.999988188205081,0.53125,0.0712890625,0.0003009885875271291,0.006560944852016011,0.44999999999999996,near-critical,off-unstable
moat,4.0,6.0,8.0,0.0,2.0,-0.4,3000.0,7.0,-0.0005086145519490428,0.285405837709316,0.22266494250557925,0.9985538685686511,-0.09036286525266626,0.9987905752823274,0.5625,0.052734375,2.4472715339980863e-05,0.0011234946243512114,0.44999999999999996,near-critical,bistable
moat,4.0,6.0,8.0,0.0,2.0,-0.6,3000.0,7.0,0.0003614793959564778,0.06840347093000836,0.053474067194170714,0.6848088435911803,0.2963144892637926,0.9997578556382548,0.453125,0.013427734375,5.429277430092789e-05,0.0004257155232653434,0.44999999999999996,near-critical,bistable
moat,4.0,6.0,8.0,0.0,2.0,-0.8,3000.0,7.0,-4.3403807650696595e-11,0.01821602501592331,0.014378993160677374,0.49265393609409647,0.1678241619330906,0.9999999999999903,0.515625,0.00390625,3.029199687766499e-13,1.6227428198197e-05,0.44999999999999996,near-critical,bistable
moat,4.0,6.0,8.0,0.0,2.1,-0.2,3000.0,7.0,-0.00017601342716850742,0.5529947332103842,0.42117120022306975,1.3827525788405144,-0.06756007584963032,0.996074095714613,0.53125,0.08740234375,0.001449782472789392,0.006333232183451583,0.44999999999999996,near-critical,off-unstable
moat,4.0,6.0,8.0,0.0,2.1,-0.4,3000.0,7.0,-6.849237681161944e-05,0.4515179282894328,0.34890882974434,1.2074415833303769,-0.09353688840696377,0.9994507398758354,0.53125,0.072265625,2.21803629552072e-05,0.0029934100884075193,0.44999999999999996,near-critical,bistable
moat,4.0,6.0,8.0,0.0,2.1,-0.6,3000.0,7.0,-0.0005199382128769405,0.16520335476173123,0.1286624474843503,0.955740084266874,0.21907576361174846,0.9996914528004915,0.453125,0.02978515625,7.865297108300217e-05,0.0003899970569748454,0.44999999999999996,near-critical,bistable
moat,4.0,6.0,8.0,0.0,2.1,-0.8,3000.0,7.0,-2.4462392432140397e-05,0.08161651562173826,0.06379548238692447,0.8099000888459631,0.29749686675366777,0.9998444296595993,0.4375,0.01611328125,1.4972242701453546e-05,0.0005288522324084925,0.44999999999999996,near-critical,bistable
moat,4.0,6.0,8.0,0.0,2.2,-0.2,3000.0,7.0,-5.509198682629438e-05,0.7035208866512993,0.5288695847856242,1.5546381051482483,-0.05015371896608365,0.9997317130148304,0.5,0.099365234375,0.00026854773489541856,0.010822511681466014,0.4663914315444745,near-critical,off-unstable
moat,4.0,6.0,8.0,0.0,2.2,-0.4,3000.0,7.0,-0.0001862372700213142,0.6021458564996385,0.4617941871671412,1.468120025833181,-0.07645645251247078,0.9999349159328609,0.53125,0.08984375,0.00020741113264878246,0.009256712295696691,0.44999999999999996,near-critical,bistable
moat,4.0,6.0,8.0,0.0,2.2,-0.6,3000.0,7.0,-7.03441455552806e-05,0.41973431011419027,0.3271064036408271,1.4289509807753311,-0.029948994488475388,0.999464332902255,0.484375,0.060302734375,0.00011037546355207455,0.0017839851069573701,0.44999999999999996,near-critical,bistable
moat,4.0,6.0,8.0,0.0,2.2,-0.8,3000.0,7.0,-0.00010797551922579143,0.1275834194596567,0.09913253292626739,1.0748186980184329,0.3244686156543211,0.9918174955720951,0.421875,0.021484375,3.2863082070871184e-05,0.0010315289712918181,0.44999999999999996,near-critical,bistable
moat,4.0,6.0,8.0,0.0,2.4,-0.2,3000.0,7.0,0.00031845682702629754,1.0129018283806486,0.7487134272542483,2.1135922351774337,-0.05139404067813466,0.9901864173887872,0.46875,0.119873046875,0.04424493997509028,0.02271215986152021,0.63407767055323,near-critical,off-unstable
moat,4.0,6.0,8.0,0.0,2.4,-0.4,3000.0,7.0,-0.00013035271514572777,0.9341549597333072,0.7007772237631821,1.9986702194700465,-0.04184373312848989,0.9997782439623188,0.46875,0.111328125,0.00026629940522184523,0.012325126923656391,0.5996010658410139,near-critical,bistable
moat,4.0,6.0,8.0,0.0,2.4,-0.6,3000.0,7.0,0.0009928559831856906,0.8600204689292087,0.6546789318427177,1.9115207455614018,-0.06298820265930768,0.9952021955096558,0.5,0.1044921875,7.193327594906896e-05,0.011815640250964021,0.5734562236684205,near-critical,bistable
moat,4.0,6.0,8.0,0.0,2.4,-0.8,3000.0,7.0,-0.00016919641603852002,0.5759605872912147,0.4455460412246992,1.9284748381227916,-0.015402746852712482,0.9976532036302845,0.46875,0.067138671875,5.098682926881873e-05,0.0025399445698583807,0.5785424514368375,near-critical,bistable
moat,4.0,6.0,8.0,0.0,2.6,-0.2,3000.0,7.0,0.0007293308937364027,1.3512147279527065,0.9853164691091038,2.810771512105546,-0.045518070424363066,0.9948227446564466,0.46875,0.137939453125,0.0005421156607029604,0.08691040170228073,0.8432314536316637,near-critical,off-unstable
moat,4.0,6.0,8.0,0.0,2.6,-0.4,3000.0,7.0,0.0013218736357204477,1.2650257767927815,0.9167484870746736,2.7698926694645896,-0.04347613447699054,0.9841154785866424,0.484375,0.1328125,0.16056423710265771,0.04772827531121447,0.8309678008393768,chaotic/expanding,off-unstable
moat,4.0,6.0,8.0,0.0,2.6,-0.6,3000.0,7.0,0.00014263934445470184,1.1705021616131972,0.8763361700528118,2.489588231198101,-0.028968065507948712,0.9996091848574963,0.46875,0.1201171875,0.002341455339946106,0.016803831634129334,0.7468764693594303,near-critical,bistable
moat,4.0,6.0,8.0,0.0,2.6,-0.8,3000.0,7.0,-0.000812033635617129,1.0887859605307821,0.8250919683083194,2.3513641200324575,-0.02943390915449449,0.9999822868511784,0.453125,0.109130859375,2.907693645253655e-05,0.016991364711041658,0.7054092360097373,near-critical,bistable
moat,4.0,6.0,8.0,0.0,3.0,-0.2,3000.0,7.0,0.0017465323332477598,2.1121140118467565,1.4956741566036764,4.071148564255683,-0.03574249493056384,0.9883592011367944,0.515625,0.18359375,0.2350434628229048,0.13388215802170814,1.2213445692767049,chaotic/expanding,off-unstable
moat,4.0,6.0,8.0,0.0,3.0,-0.4,3000.0,7.0,0.003306295011854539,2.0306206717777107,1.4659877907685515,3.744841546955554,-0.02924476855088159,0.9876775840004889,0.515625,0.166259765625,0.29903417526317005,0.029986129025107257,1.123452464086666,chaotic/expanding,off-unstable
moat,4.0,6.0,8.0,0.0,3.0,-0.6,3000.0,7.0,0.0015456108271329034,1.9789427872668783,1.4335077018622595,3.82758950026825,-0.02845956105293066,0.9889079285969393,0.5,0.166015625,0.03803716698646111,0.038905577532059775,1.148276850080475,chaotic/expanding,bistable
moat,4.0,6.0,8.0,0.0,3.0,-0.8,3000.0,7.0,0.0012483064648367674,1.878932198104494,1.3761953158912275,3.7289594896481653,-0.03516665007163641,0.997236040976315,0.5,0.154052734375,0.00044908947815632704,0.0320390275494797,1.1186878468944494,chaotic/expanding,bistable
moat,4.0,6.0,8.0,0.0,3.5,-0.2,3000.0,7.0,0.0021084539641359084,3.2701743283058087,2.2474418583130737,6.778885058192375,-0.029437528207788496,0.966639257468294,0.46875,0.266845703125,2.33705313479965,0.3984854300645509,2.0336655174577123,chaotic/expanding,off-unstable
moat,4.0,6.0,8.0,0.0,3.5,-0.4,3000.0,7.0,0.0034734157027385337,3.143129414952798,2.159662904090054,5.316338574851749,-0.02352861394894943,0.983166323536711,0.5,0.2607421875,0.040072436413949655,0.08896648339815602,1.5949015724555247,chaotic/expanding,off-unstable
moat,4.0,6.0,8.0,0.0,3.5,-0.6,3000.0,7.0,0.005371746317582506,3.0459135835387077,2.114570399176532,5.235979537124986,-0.04859264060775192,0.9815522630680714,0.53125,0.23974609375,1.5679285134247416,0.362214142367196,1.5707938611374956,chaotic/expanding,bistable
moat,4.0,6.0,8.0,0.0,3.5,-0.8,3000.0,7.0,0.0014172412159460124,2.9813376037527894,2.1085323926367416,5.772214783635781,-0.029720835125060463,0.9825238418450619,0.484375,0.22412109375,1.2453055670837843,0.11697018549762658,1.7316644350907342,chaotic/expanding,bistable
moat,4.0,6.0,8.0,0.0,4.0,-0.2,3000.0,7.0,0.0009909299714386949,4.306111278886206,2.907219966564104,7.271366677998162,-0.060859916864973884,0.9894605967088128,0.484375,0.33837890625,0.034361266435360124,0.34229160621953825,2.1814100033994483,near-critical,off-unstable
moat,4.0,6.0,8.0,0.0,4.0,-0.4,3000.0,7.0,0.0033537336933914053,4.246952828308474,2.891623282705214,6.931014153398475,-0.004563460412657826,0.983640499707149,0.46875,0.32470703125,3.702464578858426,0.24786354391311413,2.079304246019542,chaotic/expanding,off-unstable
moat,4.0,6.0,8.0,0.0,4.0,-0.6,3000.0,7.0,-0.0004677989128590535,4.211316508839768,2.8517595267692433,6.59718431054306,-0.02612463964208096,0.9837208372853626,0.5,0.323486328125,0.0050396445793327235,0.3575110277672673,1.979155293162918,near-critical,off-unstable
moat,4.0,6.0,8.0,0.0,4.0,-0.8,3000.0,7.0,0.004313713469836428,4.155724588082429,2.836838438932966,7.47964508983592,-0.04665276753838368,0.9733298114277721,0.5,0.3203125,2.25604411063532,0.1400524663868142,2.243893526950776,chaotic/expanding,bistable
moat,3.0,5.0,9.0,0.0,1.6,-0.2,3000.0,7.0,-0.08420455820735344,2.2713455143811453e-219,1.4957015149986375e-219,8.449995093627348e-218,0.0,0.0,0.4567901234567901,0.0,1.1517872735182405e-116,7.467370461745947e-121,0.44999999999999996,extinct (trivial attractor),monostable-off
moat,3.0,5.0,9.0,0.0,1.6,-0.4,3000.0,7.0,-0.2280455944334855,0.0,0.0,0.0,0.0,0.0,0.4567901234567901,0.0,0.0,3.4331657303141967e-308,0.44999999999999996,extinct (trivial attractor),monostable-off
moat,3.0,5.0,9.0,0.0,1.6,-0.6,3000.0,7.0,-0.43077814845542284,0.0,0.0,0.0,0.0,0.0,0.4567901234567901,0.0,0.0,0.0,0.44999999999999996,extinct (trivial attractor),monostable-off
moat,3.0,5.0,9.0,0.0,1.6,-0.8,3000.0,7.0,-0.7773517387026334,0.0,0.0,0.0,0.0,0.0,0.4567901234567901,0.0,0.0,0.0,0.44999999999999996,extinct (trivial attractor),monostable-off
moat,3.0,5.0,9.0,0.0,1.8,-0.2,3000.0,7.0,-0.00024022532824222043,0.06708995168905342,0.04451723747221994,0.5755474190108514,0.030410195495108334,0.9998606634220235,0.4444444444444444,0.010986328125,1.2184737275199175e-06,0.000344737945969586,0.44999999999999996,near-critical,bistable
moat,3.0,5.0,9.0,0.0,1.8,-0.4,3000.0,7.0,-0.16915407646124497,0.0,0.0,0.0,0.0,0.0,0.4567901234567901,0.0,0.0,1.839687268247276e-231,0.44999999999999996,extinct (trivial attractor),bistable
moat,3.0,5.0,9.0,0.0,1.8,-0.6,3000.0,7.0,-0.3718866305618431,0.0,0.0,0.0,0.0,0.0,0.4567901234567901,0.0,0.0,0.0,0.44999999999999996,extinct (trivial attractor),bistable
moat,3.0,5.0,9.0,0.0,1.8,-0.8,3000.0,7.0,-0.7184602208357121,0.0,0.0,0.0,0.0,0.0,0.4567901234567901,0.0,0.0,0.0,0.44999999999999996,extinct (trivial attractor),monostable-off
moat,3.0,5.0,9.0,0.0,1.9,-0.2,3000.0,7.0,1.8764564103135797e-05,0.1662738296857486,0.10865358652962838,0.8371376462761133,0.10944791371265043,0.9999848021073865,0.4691358024691358,0.020263671875,2.827202829834949e-07,0.0011384421664010114,0.44999999999999996,near-critical,off-unstable
moat,3.0,5.0,9.0,0.0,1.9,-0.4,3000.0,7.0,8.455597345328641e-07,0.03890250862668464,0.025730673043506836,0.6596285943737037,0.17465275913995323,0.9999999297425913,0.43209876543209874,0.005615234375,2.4570182966682936e-06,3.589270209935422e-05,0.44999999999999996,near-critical,bistable
moat,3.0,5.0,9.0,0.0,1.9,-0.6,3000.0,7.0,-0.3448530198834558,0.0,0.0,0.0,0.0,0.0,0.4567901234567901,0.0,0.0,0.0,0.44999999999999996,extinct (trivial attractor),bistable
moat,3.0,5.0,9.0,0.0,1.9,-0.8,3000.0,7.0,-0.6914266101865574,0.0,0.0,0.0,0.0,0.0,0.4567901234567901,0.0,0.0,0.0,0.44999999999999996,extinct (trivial attractor),bistable
moat,3.0,5.0,9.0,0.0,2.0,-0.2,3000.0,7.0,2.2210995867243375e-06,0.26962711873896616,0.17400320431333247,1.1212914415020745,0.11515832447338711,0.9999997352851151,0.41975308641975306,0.032958984375,1.3073019362162628e-07,0.0022655644959471873,0.44999999999999996,near-critical,off-unstable
moat,3.0,5.0,9.0,0.0,2.0,-0.4,3000.0,7.0,1.3011107187194196e-06,0.15917089513012506,0.10505840903245109,0.9772944120826976,0.09736681665495608,0.9999993554307718,0.4444444444444444,0.021484375,4.3509138946933535e-08,0.0005472613861949049,0.44999999999999996,near-critical,bistable
moat,3.0,5.0,9.0,0.0,2.0,-0.6,3000.0,7.0,-6.6382640800082575e-09,0.028450712188522683,0.018658364075299253,0.6288251327268808,0.2084875115977135,0.9999999999954432,0.43209876543209874,0.004150390625,1.7360449877965294e-09,2.6767420759221647e-05,0.44999999999999996,near-critical,bistable
moat,3.0,5.0,9.0,0.0,2.0,-0.8,3000.0,7.0,-0.6657799629702771,0.0,0.0,0.0,0.0,0.0,0.4567901234567901,0.0,0.0,0.0,0.44999999999999996,extinct (trivial attractor),bistable
moat,3.0,5.0,9.0,0.0,2.1,-0.2,3000.0,7.0,-7.253126342784036e-07,0.3795030306553911,0.24217457449462879,1.4065192437055003,0.12184211662637859,0.9999996899326474,0.4444444444444444,0.042724609375,2.8173652625937216e-07,0.003465664146862729,0.44999999999999996,near-critical,off-unstable
moat,3.0,5.0,9.0,0.0,2.1,-0.4,3000.0,7.0,5.036511028529832e-06,0.2979430119122862,0.19398821424418877,1.2738737153328228,0.10975879663667792,0.999999773533853,0.3950617283950617,0.037841796875,7.332409767207179e-07,0.002322592910281317,0.44999999999999996,near-critical,bistable
moat,3.0,5.0,9.0,0.0,2.1,-0.6,3000.0,7.0,-3.0475486487299393e-09,0.11481855027893817,0.07551542985480199,1.080463504260381,0.26852837743772323,0.9999999999686575,0.3950617283950617,0.014892578125,1.885575637215856e-09,0.0001277375671379111,0.44999999999999996,near-critical,bistable
moat,3.0,5.0,9.0,0.0,2.1,-0.8,3000.0,7.0,-1.6173030906029333e-09,0.035510190929114754,0.02328307745350122,0.7438207230385322,0.211610346691108,0.9999999999999293,0.41975308641975306,0.00537109375,1.9950354205175573e-10,2.5626762354767132e-05,0.44999999999999996,near-critical,bistable
moat,3.0,5.0,9.0,0.0,2.2,-0.2,3000.0,7.0,-1.0515070003280563e-06,0.5022853193068483,0.31716073211720325,1.6713206804164762,0.12551628318620708,0.9999998548227597,0.4444444444444444,0.050537109375,3.2352772227441976e-07,0.004986834188815927,0.5013962041249428,near-critical,off-unstable
moat,3.0,5.0,9.0,0.0,2.2,-0.4,3000.0,7.0,2.365078891969673e-07,0.4143479373783435,0.26657873822999434,1.5882455958887338,0.11706356393102049,0.999999974920294,0.4444444444444444,0.043212890625,2.0487054066280173e-07,0.003573355324796999,0.4764736787666201,near-critical,bistable
moat,3.0,5.0,9.0,0.0,2.2,-0.6,3000.0,7.0,-3.755105385495425e-07,0.247880489417664,0.16295064708222104,1.3783076075128993,0.18070802194479885,0.9999999782105815,0.38271604938271603,0.02783203125,4.826655914364828e-08,0.0007574654977833402,0.44999999999999996,near-critical,bistable
moat,3.0,5.0,9.0,0.0,2.2,-0.8,3000.0,7.0,-2.782565792467198e-06,0.07792675565666242,0.050991141423933406,1.1398087147002003,0.26870366273433915,0.9999999377396638,0.3950617283950617,0.00927734375,1.5456994092685326e-07,5.085421287324354e-05,0.44999999999999996,near-critical,bistable
moat,3.0,5.0,9.0,0.0,2.4,-0.2,3000.0,7.0,-0.00016900859361036898,0.795690589505221,0.48992981499911614,2.233788855243993,0.13268946605949583,0.9987764419434046,0.41975308641975306,0.0625,6.148811690263294e-05,0.015109154706541058,0.6701366565731979,near-critical,off-unstable
moat,3.0,5.0,9.0,0.0,2.4,-0.4,3000.0,7.0,-8.869065786925143e-06,0.6690195863067362,0.42122526090162693,2.178001515677499,0.12808416120076138,0.9999978851896085,0.41975308641975306,0.053955078125,3.623783023150774e-07,0.006612735099445797,0.6534004547032497,near-critical,bistable
moat,3.0,5.0,9.0,0.0,2.4,-0.6,3000.0,7.0,2.439760145030597e-07,0.5809851929788701,0.3717915120012524,2.0922454887497883,0.11923049290823617,0.9999998562131834,0.4444444444444444,0.048583984375,3.344681171631878e-07,0.004978175424830623,0.6276736466249365,near-critical,bistable
moat,3.0,5.0,9.0,0.0,2.4,-0.8,3000.0,7.0,1.950841991125006e-07,0.31688521237964373,0.2080653211326594,1.8223809697960922,0.23227923182160845,0.9999999998225247,0.37037037037037035,0.028564453125,4.829927251953686e-09,0.0007389974107549073,0.5467142909388276,near-critical,bistable
moat,3.0,5.0,9.0,0.0,2.6,-0.2,3000.0,7.0,-5.0408748072884904e-05,1.1349548581569793,0.680867664983532,2.917726206637374,0.1450190896638148,0.9977849174017425,0.41975308641975306,0.0791015625,0.00040010384172687875,0.03132104800502882,0.8753178619912122,near-critical,off-unstable
moat,3.0,5.0,9.0,0.0,2.6,-0.4,3000.0,7.0,0.0001588094504914082,0.9958320570487049,0.6138470581630653,2.723836386133852,0.13169383498755793,0.9974644169986246,0.4567901234567901,0.070556640625,0.0001490115024125877,0.020936966147232616,0.8171509158401555,near-critical,off-unstable
moat,3.0,5.0,9.0,0.0,2.6,-0.6,3000.0,7.0,-0.0004463002960276816,0.8546768175049164,0.5361145707761655,2.69274404679412,0.12947996728378325,0.9999706372043183,0.4444444444444444,0.060791015625,8.744636651138216e-07,0.00856097521141101,0.807823214038236,near-critical,bistable
moat,3.0,5.0,9.0,0.0,2.6,-0.8,3000.0,7.0,-5.437610315302642e-07,0.6630401934852905,0.4246247785595358,2.523195391810381,0.11902722515642654,0.9999996332919135,0.4444444444444444,0.045166015625,1.1083315538799254e-06,0.0007068697578451187,0.7569586175431142,near-critical,bistable
moat,3.0,5.0,9.0,0.0,3.0,-0.2,3000.0,7.0,-0.00023669832341536635,1.827144801104125,1.0430173660731548,4.391953398412397,0.13864165963829025,0.9870022139108382,0.41975308641975306,0.108154296875,0.003649308094849911,0.05585252218789465,1.3175860195237192,near-critical,off-unstable
moat,3.0,5.0,9.0,0.0,3.0,-0.4,3000.0,7.0,0.0036124889478997045,1.7989851073414458,1.026875293258191,4.20757941124119,0.12191055010102404,0.9865078463036935,0.41975308641975306,0.112060546875,1.0851899022148421,0.01914418580442555,1.2622738233723572,chaotic/expanding,off-unstable
moat,3.0,5.0,9.0,0.0,3.0,-0.6,3000.0,7.0,-0.00013719817593726172,1.6124905667570737,0.9651990910628608,3.900637522184096,0.14205312133691242,0.9999439014950111,0.43209876543209874,0.092529296875,0.00039919604526642054,0.05066717795108888,1.1701912566552288,near-critical,bistable
moat,3.0,5.0,9.0,0.0,3.0,-0.8,3000.0,7.0,-9.505787003415656e-05,1.49742205064913,0.9108301719880175,3.9817829538807783,0.1306513228834924,0.993588800539312,0.41975308641975306,0.086181640625,0.00015225582108486136,0.04108012681942579,1.1945348861642335,near-critical,bistable
moat,3.0,5.0,9.0,0.0,3.5,-0.2,3000.0,7.0,-0.0007549754091570862,2.8581220394719673,1.5711111212493922,5.854274260466934,0.13317643773343452,0.9678931617523004,0.3950617283950617,0.1533203125,0.005117988726133072,0.09005404298974996,1.7562822781400802,near-critical,off-unstable
moat,3.0,5.0,9.0,0.0,3.5,-0.4,3000.0,7.0,0.004805391171827162,2.7078196629327094,1.5006179934340729,5.796095756132157,0.14595228639987087,0.9760932139755771,0.4567901234567901,0.151123046875,2.7682848595381535,0.14219496829653624,1.7388287268396472,chaotic/expanding,off-unstable
moat,3.0,5.0,9.0,0.0,3.5,-0.6,3000.0,7.0,0.0008357977693550008,2.667633280927777,1.5089178144710498,5.5508399343906945,0.1572295580491752,0.9926136345279599,0.43209876543209874,0.138671875,0.045055657229437975,0.10747890766730996,1.6652519803172083,near-critical,bistable
moat,3.0,5.0,9.0,0.0,3.5,-0.8,3000.0,7.0,0.0007728638264722733,2.5162740444828287,1.4336047383222998,5.44415461530288,0.14165334149185851,0.9761686895534073,0.4444444444444444,0.131103515625,0.005084706004183957,0.042323959394504486,1.633246384590864,near-critical,bistable
moat,3.0,5.0,9.0,0.0,4.0,-0.2,3000.0,7.0,0.0007452884705181109,4.16345329455983,2.1963159295272034,7.5276878709633035,0.16926898141713806,0.9871011008093543,0.3950617283950617,0.223876953125,0.045471741402728715,0.1788863305666729,2.258306361288991,near-critical,off-unstable
moat,3.0,5.0,9.0,0.0,4.0,-0.4,3000.0,7.0,0.0034092171750344444,3.9008734591955125,2.0807002543523954,7.0280809065524394,0.1305471125191145,0.9806209252703435,0.48148148148148145,0.209228515625,3.617994481274768,0.1789379480722827,2.1084242719657316,chaotic/expanding,off-unstable
moat,3.0,5.0,9.0,0.0,4.0,-0.6,3000.0,7.0,0.003206649645326065,3.9358462556367413,2.0570463265208687,6.399923851762063,0.1543289690460756,0.9751393693764725,0.3950617283950617,0.22265625,0.015340730519559868,0.2337873177767313,1.9199771555286187,chaotic/expanding,off-unstable
moat,3.0,5.0,9.0,0.0,4.0,-0.8,3000.0,7.0,0.0024899782280185493,3.7395280989328343,1.9749266781049553,7.156205752022869,0.14951780451451427,0.9669094803506875,0.38271604938271603,0.21044921875,0.03383409486579674,0.13599055917918135,2.1468617256068607,chaotic/expanding,bistable
